name;nodes;edges;edge_percentage;algorithm;k;independent_k;result;solution;elapsed_time
graph_10_0.125.gml;10;5;0.125;clever;0.125;1;True;(100, 6);0.0
graph_10_0.125.gml;10;5;0.125;clever;0.25;2;True;(99, 95):(100, 6);0.0009801387786865234
graph_10_0.125.gml;10;5;0.125;clever;0.5;5;True;(11, 68):(99, 95):(63, 50):(1, 29):(100, 6);0.0
graph_10_0.125.gml;10;5;0.125;clever;0.75;7;True;(11, 68):(63, 50):(51, 100):(99, 95):(99, 58):(1, 29):(100, 6);0.0
graph_10_0.25.gml;10;11;0.25;clever;0.125;1;True;(99, 95);0.0
graph_10_0.25.gml;10;11;0.25;clever;0.25;2;True;(63, 50):(99, 95);0.0015058517456054688
graph_10_0.25.gml;10;11;0.25;clever;0.5;5;True;(63, 50):(99, 95):(51, 100):(1, 29):(100, 6);0.0
graph_10_0.25.gml;10;11;0.25;clever;0.75;7;False;-1;0.0
graph_10_0.5.gml;10;22;0.5;clever;0.125;1;True;(64, 8);0.0010058879852294922
graph_10_0.5.gml;10;22;0.5;clever;0.25;2;True;(11, 68):(64, 8);0.0
graph_10_0.5.gml;10;22;0.5;clever;0.5;5;False;-1;0.0
graph_10_0.5.gml;10;22;0.5;clever;0.75;7;False;-1;0.0010004043579101562
graph_10_0.75.gml;10;33;0.75;clever;0.125;1;True;(11, 68);0.0009989738464355469
graph_10_0.75.gml;10;33;0.75;clever;0.25;2;True;(11, 68):(99, 95);0.0010004043579101562
graph_10_0.75.gml;10;33;0.75;clever;0.5;5;False;-1;0.0
graph_10_0.75.gml;10;33;0.75;clever;0.75;7;False;-1;0.0
graph_11_0.125.gml;11;6;0.125;clever;0.125;1;True;(99, 95);0.00103759765625
graph_11_0.125.gml;11;6;0.125;clever;0.25;2;True;(99, 95):(30, 2);0.0
graph_11_0.125.gml;11;6;0.125;clever;0.5;5;True;(63, 50):(99, 95):(51, 100):(1, 29):(30, 2);0.0009968280792236328
graph_11_0.125.gml;11;6;0.125;clever;0.75;8;True;(11, 68):(63, 50):(51, 100):(99, 95):(99, 58):(1, 100):(1, 29):(30, 2);0.0
graph_11_0.25.gml;11;13;0.25;clever;0.125;1;True;(30, 2);0.0
graph_11_0.25.gml;11;13;0.25;clever;0.25;2;True;(99, 95):(30, 2);0.0
graph_11_0.25.gml;11;13;0.25;clever;0.5;5;True;(11, 68):(99, 95):(1, 100):(1, 29):(30, 2);0.0
graph_11_0.25.gml;11;13;0.25;clever;0.75;8;False;-1;0.0
graph_11_0.5.gml;11;27;0.5;clever;0.125;1;True;(11, 68);0.000995635986328125
graph_11_0.5.gml;11;27;0.5;clever;0.25;2;True;(11, 68):(99, 58);0.0010001659393310547
graph_11_0.5.gml;11;27;0.5;clever;0.5;5;False;-1;0.0010006427764892578
graph_11_0.5.gml;11;27;0.5;clever;0.75;8;False;-1;0.001001119613647461
graph_11_0.75.gml;11;41;0.75;clever;0.125;1;True;(11, 68);0.0009982585906982422
graph_11_0.75.gml;11;41;0.75;clever;0.25;2;True;(11, 68):(99, 58);0.0010001659393310547
graph_11_0.75.gml;11;41;0.75;clever;0.5;5;False;-1;0.0010035037994384766
graph_11_0.75.gml;11;41;0.75;clever;0.75;8;False;-1;0.001010894775390625
graph_12_0.125.gml;12;8;0.125;clever;0.125;1;True;(11, 68);0.0
graph_12_0.125.gml;12;8;0.125;clever;0.25;3;True;(11, 68):(99, 95):(100, 6);0.0
graph_12_0.125.gml;12;8;0.125;clever;0.5;6;True;(63, 50):(99, 95):(51, 100):(11, 68):(1, 29):(100, 6);0.000997304916381836
graph_12_0.125.gml;12;8;0.125;clever;0.75;9;False;-1;0.0
graph_12_0.25.gml;12;16;0.25;clever;0.125;1;True;(11, 68);0.0
graph_12_0.25.gml;12;16;0.25;clever;0.25;3;True;(11, 68):(99, 95):(1, 29);0.0
graph_12_0.25.gml;12;16;0.25;clever;0.5;6;True;(11, 68):(33, 37):(99, 58):(99, 95):(1, 29):(30, 2);0.0
graph_12_0.25.gml;12;16;0.25;clever;0.75;9;False;-1;0.0010006427764892578
graph_12_0.5.gml;12;33;0.5;clever;0.125;1;True;(11, 68);0.0009992122650146484
graph_12_0.5.gml;12;33;0.5;clever;0.25;3;True;(63, 50):(100, 6):(11, 68);0.0010006427764892578
graph_12_0.5.gml;12;33;0.5;clever;0.5;6;False;-1;0.00099945068359375
graph_12_0.5.gml;12;33;0.5;clever;0.75;9;False;-1;0.0010008811950683594
graph_12_0.75.gml;12;49;0.75;clever;0.125;1;True;(11, 68);0.0010039806365966797
graph_12_0.75.gml;12;49;0.75;clever;0.25;3;True;(63, 50):(1, 29):(99, 58);0.0010063648223876953
graph_12_0.75.gml;12;49;0.75;clever;0.5;6;False;-1;0.0009992122650146484
graph_12_0.75.gml;12;49;0.75;clever;0.75;9;False;-1;0.0
graph_13_0.125.gml;13;9;0.125;clever;0.125;1;True;(11, 68);0.0
graph_13_0.125.gml;13;9;0.125;clever;0.25;3;True;(99, 95):(30, 2):(11, 68);0.00099945068359375
graph_13_0.125.gml;13;9;0.125;clever;0.5;6;True;(63, 50):(99, 95):(11, 68):(41, 72):(1, 29):(30, 2);0.0
graph_13_0.125.gml;13;9;0.125;clever;0.75;9;True;(11, 68):(41, 72):(1, 29):(63, 50):(51, 100):(33, 37):(99, 95):(64, 8):(30, 2);0.0
graph_13_0.25.gml;13;19;0.25;clever;0.125;1;True;(51, 100);0.0
graph_13_0.25.gml;13;19;0.25;clever;0.25;3;True;(11, 68):(63, 50):(51, 100);0.0
graph_13_0.25.gml;13;19;0.25;clever;0.5;6;True;(11, 68):(63, 50):(51, 100):(33, 37):(30, 2):(64, 8);0.0
graph_13_0.25.gml;13;19;0.25;clever;0.75;9;False;-1;0.0
graph_13_0.5.gml;13;39;0.5;clever;0.125;1;True;(11, 68);0.0009784698486328125
graph_13_0.5.gml;13;39;0.5;clever;0.25;3;True;(99, 95):(30, 2):(11, 68);0.0020041465759277344
graph_13_0.5.gml;13;39;0.5;clever;0.5;6;False;-1;0.0009949207305908203
graph_13_0.5.gml;13;39;0.5;clever;0.75;9;False;-1;0.0009984970092773438
graph_13_0.75.gml;13;58;0.75;clever;0.125;1;True;(11, 68);0.0010025501251220703
graph_13_0.75.gml;13;58;0.75;clever;0.25;3;True;(99, 95):(30, 2):(33, 37);0.0009992122650146484
graph_13_0.75.gml;13;58;0.75;clever;0.5;6;False;-1;0.0009980201721191406
graph_13_0.75.gml;13;58;0.75;clever;0.75;9;False;-1;0.0009999275207519531
graph_14_0.125.gml;14;11;0.125;clever;0.125;1;True;(100, 6);0.0
graph_14_0.125.gml;14;11;0.125;clever;0.25;3;True;(11, 68):(99, 95):(100, 6);0.0
graph_14_0.125.gml;14;11;0.125;clever;0.5;7;True;(63, 50):(11, 68):(72, 79):(99, 95):(1, 29):(100, 6):(30, 2);0.0
graph_14_0.125.gml;14;11;0.125;clever;0.75;10;False;-1;0.0
graph_14_0.25.gml;14;22;0.25;clever;0.125;1;True;(11, 68);0.0009999275207519531
graph_14_0.25.gml;14;22;0.25;clever;0.25;3;True;(11, 68):(99, 95):(100, 6);0.0009996891021728516
graph_14_0.25.gml;14;22;0.25;clever;0.5;7;True;(99, 95):(100, 6):(51, 100):(11, 68):(41, 72):(30, 2):(64, 8);0.0009999275207519531
graph_14_0.25.gml;14;22;0.25;clever;0.75;10;False;-1;0.001001596450805664
graph_14_0.5.gml;14;45;0.5;clever;0.125;1;True;(11, 68);0.0009980201721191406
graph_14_0.5.gml;14;45;0.5;clever;0.25;3;True;(11, 68):(41, 72):(64, 8);0.001997709274291992
graph_14_0.5.gml;14;45;0.5;clever;0.5;7;False;-1;0.0009999275207519531
graph_14_0.5.gml;14;45;0.5;clever;0.75;10;False;-1;0.0010006427764892578
graph_14_0.75.gml;14;68;0.75;clever;0.125;1;True;(11, 68);0.0020003318786621094
graph_14_0.75.gml;14;68;0.75;clever;0.25;3;True;(11, 68):(30, 2):(41, 72);0.0019979476928710938
graph_14_0.75.gml;14;68;0.75;clever;0.5;7;False;-1;0.0020003318786621094
graph_14_0.75.gml;14;68;0.75;clever;0.75;10;False;-1;0.0009999275207519531
graph_15_0.125.gml;15;13;0.125;clever;0.125;1;True;(11, 68);0.0009648799896240234
graph_15_0.125.gml;15;13;0.125;clever;0.25;3;True;(99, 95):(30, 2):(11, 68);0.0
graph_15_0.125.gml;15;13;0.125;clever;0.5;7;True;(99, 95):(11, 68):(51, 100):(72, 79):(41, 72):(1, 29):(30, 2);0.0
graph_15_0.125.gml;15;13;0.125;clever;0.75;11;False;-1;0.0
graph_15_0.25.gml;15;26;0.25;clever;0.125;1;True;(30, 2);0.0009946823120117188
graph_15_0.25.gml;15;26;0.25;clever;0.25;3;True;(11, 68):(99, 95):(30, 2);0.0010037422180175781
graph_15_0.25.gml;15;26;0.25;clever;0.5;7;True;(11, 68):(51, 100):(72, 79):(1, 100):(3, 1):(99, 95):(30, 2);0.0010077953338623047
graph_15_0.25.gml;15;26;0.25;clever;0.75;11;False;-1;0.0
graph_15_0.5.gml;15;52;0.5;clever;0.125;1;True;(11, 68);0.0010395050048828125
graph_15_0.5.gml;15;52;0.5;clever;0.25;3;True;(3, 1):(41, 72):(11, 68);0.0030002593994140625
graph_15_0.5.gml;15;52;0.5;clever;0.5;7;False;-1;0.0019996166229248047
graph_15_0.5.gml;15;52;0.5;clever;0.75;11;False;-1;0.0010004043579101562
graph_15_0.75.gml;15;78;0.75;clever;0.125;1;True;(11, 68);0.0020003318786621094
graph_15_0.75.gml;15;78;0.75;clever;0.25;3;True;(11, 68):(84, 31):(100, 6);0.0019974708557128906
graph_15_0.75.gml;15;78;0.75;clever;0.5;7;False;-1;0.0010001659393310547
graph_15_0.75.gml;15;78;0.75;clever;0.75;11;False;-1;0.0015413761138916016
graph_16_0.125.gml;16;15;0.125;clever;0.125;2;True;(99, 95):(30, 2);0.0
graph_16_0.125.gml;16;15;0.125;clever;0.25;4;True;(11, 68):(30, 2):(99, 95):(100, 6);0.0
graph_16_0.125.gml;16;15;0.125;clever;0.5;8;True;(11, 68):(99, 95):(72, 79):(3, 1):(1, 29):(84, 31):(100, 6):(30, 2);0.0
graph_16_0.125.gml;16;15;0.125;clever;0.75;12;False;-1;0.000995635986328125
graph_16_0.25.gml;16;30;0.25;clever;0.125;2;True;(11, 68):(84, 31);0.0010101795196533203
graph_16_0.25.gml;16;30;0.25;clever;0.25;4;True;(63, 50):(30, 2):(84, 31):(11, 68);0.0019943714141845703
graph_16_0.25.gml;16;30;0.25;clever;0.5;8;False;-1;0.0019998550415039062
graph_16_0.25.gml;16;30;0.25;clever;0.75;12;False;-1;0.001001596450805664
graph_16_0.5.gml;16;60;0.5;clever;0.125;2;True;(11, 68):(100, 6);0.00299835205078125
graph_16_0.5.gml;16;60;0.5;clever;0.25;4;True;(1, 29):(84, 31):(100, 6):(72, 79);0.004002809524536133
graph_16_0.5.gml;16;60;0.5;clever;0.5;8;False;-1;0.0019974708557128906
graph_16_0.5.gml;16;60;0.5;clever;0.75;12;False;-1;0.0010175704956054688
graph_16_0.75.gml;16;90;0.75;clever;0.125;2;True;(11, 68):(99, 95);0.003002166748046875
graph_16_0.75.gml;16;90;0.75;clever;0.25;4;False;-1;0.0019979476928710938
graph_16_0.75.gml;16;90;0.75;clever;0.5;8;False;-1;0.0009996891021728516
graph_16_0.75.gml;16;90;0.75;clever;0.75;12;False;-1;0.0010004043579101562
graph_17_0.125.gml;17;17;0.125;clever;0.125;2;True;(99, 95):(30, 2);0.001016855239868164
graph_17_0.125.gml;17;17;0.125;clever;0.25;4;True;(63, 50):(30, 2):(51, 100):(99, 95);0.0
graph_17_0.125.gml;17;17;0.125;clever;0.5;8;True;(63, 50):(99, 95):(72, 79):(51, 100):(41, 72):(1, 100):(1, 29):(30, 2);0.0
graph_17_0.125.gml;17;17;0.125;clever;0.75;12;False;-1;0.0
graph_17_0.25.gml;17;34;0.25;clever;0.125;2;True;(63, 50):(64, 8);0.0
graph_17_0.25.gml;17;34;0.25;clever;0.25;4;True;(3, 1):(30, 2):(64, 8):(63, 50);0.0009987354278564453
graph_17_0.25.gml;17;34;0.25;clever;0.5;8;True;(63, 50):(27, 93):(33, 37):(3, 1):(99, 95):(84, 31):(64, 8):(30, 2);0.0010063648223876953
graph_17_0.25.gml;17;34;0.25;clever;0.75;12;False;-1;0.0009958744049072266
graph_17_0.5.gml;17;68;0.5;clever;0.125;2;True;(11, 68):(72, 79);0.0009806156158447266
graph_17_0.5.gml;17;68;0.5;clever;0.25;4;True;(3, 1):(51, 100):(11, 68):(72, 79);0.0029993057250976562
graph_17_0.5.gml;17;68;0.5;clever;0.5;8;False;-1;0.002000093460083008
graph_17_0.5.gml;17;68;0.5;clever;0.75;12;False;-1;0.0010027885437011719
graph_17_0.75.gml;17;102;0.75;clever;0.125;2;True;(3, 1):(11, 68);0.003000020980834961
graph_17_0.75.gml;17;102;0.75;clever;0.25;4;False;-1;0.0030019283294677734
graph_17_0.75.gml;17;102;0.75;clever;0.5;8;False;-1;0.0020003318786621094
graph_17_0.75.gml;17;102;0.75;clever;0.75;12;False;-1;0.00099945068359375
graph_18_0.125.gml;18;19;0.125;clever;0.125;2;True;(11, 68):(99, 58);0.0
graph_18_0.125.gml;18;19;0.125;clever;0.25;4;True;(11, 68):(33, 37):(1, 100):(99, 58);0.001001119613647461
graph_18_0.125.gml;18;19;0.125;clever;0.5;9;True;(11, 68):(41, 72):(13, 46):(99, 58):(1, 29):(33, 37):(1, 100):(27, 93):(84, 31);0.0009996891021728516
graph_18_0.125.gml;18;19;0.125;clever;0.75;13;False;-1;0.0010008811950683594
graph_18_0.25.gml;18;38;0.25;clever;0.125;2;True;(63, 50):(41, 72);0.0
graph_18_0.25.gml;18;38;0.25;clever;0.25;4;True;(63, 50):(72, 79):(41, 72):(100, 6);0.0009996891021728516
graph_18_0.25.gml;18;38;0.25;clever;0.5;9;False;-1;0.0019981861114501953
graph_18_0.25.gml;18;38;0.25;clever;0.75;13;False;-1;0.0010082721710205078
graph_18_0.5.gml;18;76;0.5;clever;0.125;2;True;(11, 68):(41, 72);0.0009975433349609375
graph_18_0.5.gml;18;76;0.5;clever;0.25;4;True;(11, 68):(72, 79):(41, 72):(100, 6);0.0029973983764648438
graph_18_0.5.gml;18;76;0.5;clever;0.5;9;False;-1;0.002000093460083008
graph_18_0.5.gml;18;76;0.5;clever;0.75;13;False;-1;0.0009992122650146484
graph_18_0.75.gml;18;114;0.75;clever;0.125;2;True;(11, 68):(41, 72);0.0030014514923095703
graph_18_0.75.gml;18;114;0.75;clever;0.25;4;False;-1;0.002999544143676758
graph_18_0.75.gml;18;114;0.75;clever;0.5;9;False;-1;0.0019919872283935547
graph_18_0.75.gml;18;114;0.75;clever;0.75;13;False;-1;0.0010399818420410156
graph_19_0.125.gml;19;21;0.125;clever;0.125;2;True;(63, 50):(99, 58);0.0
graph_19_0.125.gml;19;21;0.125;clever;0.25;4;True;(63, 50):(99, 95):(41, 72):(99, 58);0.0
graph_19_0.125.gml;19;21;0.125;clever;0.5;9;True;(11, 68):(27, 93):(41, 72):(13, 46):(99, 58):(100, 6):(63, 50):(99, 95):(30, 2);0.00099945068359375
graph_19_0.125.gml;19;21;0.125;clever;0.75;14;False;-1;0.0009984970092773438
graph_19_0.25.gml;19;42;0.25;clever;0.125;2;True;(11, 68):(41, 72);0.0020036697387695312
graph_19_0.25.gml;19;42;0.25;clever;0.25;4;True;(11, 68):(41, 72):(99, 58):(100, 6);0.00299835205078125
graph_19_0.25.gml;19;42;0.25;clever;0.5;9;True;(11, 68):(99, 58):(13, 46):(41, 72):(100, 6):(63, 50):(51, 100):(99, 95):(30, 2);0.003999471664428711
graph_19_0.25.gml;19;42;0.25;clever;0.75;14;False;-1;0.0015423297882080078
graph_19_0.5.gml;19;85;0.5;clever;0.125;2;True;(11, 68):(72, 79);0.005016803741455078
graph_19_0.5.gml;19;85;0.5;clever;0.25;4;True;(11, 68):(72, 79):(99, 58):(71, 100);0.007024526596069336
graph_19_0.5.gml;19;85;0.5;clever;0.5;9;False;-1;0.001995086669921875
graph_19_0.5.gml;19;85;0.5;clever;0.75;14;False;-1;0.0009667873382568359
graph_19_0.75.gml;19;128;0.75;clever;0.125;2;True;(11, 68):(13, 46);0.003997325897216797
graph_19_0.75.gml;19;128;0.75;clever;0.25;4;True;(1, 29):(64, 8):(47, 21):(72, 79);0.004000186920166016
graph_19_0.75.gml;19;128;0.75;clever;0.5;9;False;-1;0.002009868621826172
graph_19_0.75.gml;19;128;0.75;clever;0.75;14;False;-1;0.0019834041595458984
graph_20_0.125.gml;20;23;0.125;clever;0.125;2;True;(11, 68):(30, 2);0.0
graph_20_0.125.gml;20;23;0.125;clever;0.25;5;True;(11, 68):(99, 58):(30, 2):(84, 31):(64, 8);0.0
graph_20_0.125.gml;20;23;0.125;clever;0.5;10;True;(11, 68):(99, 58):(13, 46):(71, 100):(3, 1):(33, 37):(27, 93):(84, 31):(64, 8):(30, 2);0.0009992122650146484
graph_20_0.125.gml;20;23;0.125;clever;0.75;15;False;-1;0.0
graph_20_0.25.gml;20;47;0.25;clever;0.125;2;True;(11, 68):(27, 93);0.0009982585906982422
graph_20_0.25.gml;20;47;0.25;clever;0.25;5;True;(11, 68):(41, 72):(99, 58):(3, 1):(27, 93);0.003004312515258789
graph_20_0.25.gml;20;47;0.25;clever;0.5;10;False;-1;0.0030019283294677734
graph_20_0.25.gml;20;47;0.25;clever;0.75;15;False;-1;0.0009970664978027344
graph_20_0.5.gml;20;95;0.5;clever;0.125;2;True;(11, 68):(13, 46);0.003989219665527344
graph_20_0.5.gml;20;95;0.5;clever;0.25;5;True;(11, 68):(1, 100):(13, 46):(99, 95):(64, 8);0.006033897399902344
graph_20_0.5.gml;20;95;0.5;clever;0.5;10;False;-1;0.001970529556274414
graph_20_0.5.gml;20;95;0.5;clever;0.75;15;False;-1;0.001001596450805664
graph_20_0.75.gml;20;142;0.75;clever;0.125;2;True;(11, 68):(99, 95);0.004008769989013672
graph_20_0.75.gml;20;142;0.75;clever;0.25;5;False;-1;0.0039975643157958984
graph_20_0.75.gml;20;142;0.75;clever;0.5;10;False;-1;0.0020017623901367188
graph_20_0.75.gml;20;142;0.75;clever;0.75;15;False;-1;0.0019974708557128906
graph_21_0.125.gml;21;26;0.125;clever;0.125;2;True;(11, 68):(30, 2);0.0
graph_21_0.125.gml;21;26;0.125;clever;0.25;5;True;(11, 68):(99, 58):(30, 2):(84, 31):(64, 8);0.0010001659393310547
graph_21_0.125.gml;21;26;0.125;clever;0.5;10;True;(11, 68):(72, 79):(41, 72):(99, 58):(3, 1):(18, 19):(27, 93):(84, 31):(64, 8):(30, 2);0.0010027885437011719
graph_21_0.125.gml;21;26;0.125;clever;0.75;15;False;-1;0.0010426044464111328
graph_21_0.25.gml;21;52;0.25;clever;0.125;2;True;(99, 95):(100, 6);0.0009989738464355469
graph_21_0.25.gml;21;52;0.25;clever;0.25;5;True;(11, 68):(51, 100):(41, 72):(99, 95):(100, 6);0.003996610641479492
graph_21_0.25.gml;21;52;0.25;clever;0.5;10;False;-1;0.0039653778076171875
graph_21_0.25.gml;21;52;0.25;clever;0.75;15;False;-1;0.0009996891021728516
graph_21_0.5.gml;21;105;0.5;clever;0.125;2;True;(11, 68):(100, 6);0.005552768707275391
graph_21_0.5.gml;21;105;0.5;clever;0.25;5;True;(11, 68):(27, 93):(1, 100):(99, 95):(1, 29);0.008002758026123047
graph_21_0.5.gml;21;105;0.5;clever;0.5;10;False;-1;0.0030248165130615234
graph_21_0.5.gml;21;105;0.5;clever;0.75;15;False;-1;0.002003192901611328
graph_21_0.75.gml;21;157;0.75;clever;0.125;2;True;(11, 68):(91, 76);0.005995988845825195
graph_21_0.75.gml;21;157;0.75;clever;0.25;5;False;-1;0.004966259002685547
graph_21_0.75.gml;21;157;0.75;clever;0.5;10;False;-1;0.003000020980834961
graph_21_0.75.gml;21;157;0.75;clever;0.75;15;False;-1;0.0020003318786621094
graph_22_0.125.gml;22;28;0.125;clever;0.125;2;True;(99, 95):(99, 58);0.0
graph_22_0.125.gml;22;28;0.125;clever;0.25;5;True;(99, 95):(33, 37):(99, 58):(30, 2):(100, 6);0.0009996891021728516
graph_22_0.125.gml;22;28;0.125;clever;0.5;11;True;(99, 95):(41, 72):(13, 46):(71, 100):(99, 58):(100, 6):(63, 50):(33, 37):(30, 2):(44, 53):(91, 76);0.0009996891021728516
graph_22_0.125.gml;22;28;0.125;clever;0.75;16;False;-1;0.0
graph_22_0.25.gml;22;57;0.25;clever;0.125;2;True;(11, 68):(41, 72);0.0019996166229248047
graph_22_0.25.gml;22;57;0.25;clever;0.25;5;True;(11, 68):(41, 72):(33, 37):(13, 46):(99, 95);0.004000663757324219
graph_22_0.25.gml;22;57;0.25;clever;0.5;11;False;-1;0.003999948501586914
graph_22_0.25.gml;22;57;0.25;clever;0.75;16;False;-1;0.0009992122650146484
graph_22_0.5.gml;22;115;0.5;clever;0.125;2;True;(11, 68):(100, 6);0.007001638412475586
graph_22_0.5.gml;22;115;0.5;clever;0.25;5;True;(11, 68):(47, 21):(33, 37):(99, 95):(100, 6);0.009998798370361328
graph_22_0.5.gml;22;115;0.5;clever;0.5;11;False;-1;0.003999948501586914
graph_22_0.5.gml;22;115;0.5;clever;0.75;16;False;-1;0.0020325183868408203
graph_22_0.75.gml;22;173;0.75;clever;0.125;2;True;(11, 68):(91, 76);0.006043672561645508
graph_22_0.75.gml;22;173;0.75;clever;0.25;5;False;-1;0.006000041961669922
graph_22_0.75.gml;22;173;0.75;clever;0.5;11;False;-1;0.002999544143676758
graph_22_0.75.gml;22;173;0.75;clever;0.75;16;False;-1;0.0025398731231689453
graph_23_0.125.gml;23;31;0.125;clever;0.125;2;True;(99, 95):(99, 58);0.0
graph_23_0.125.gml;23;31;0.125;clever;0.25;5;True;(72, 79):(99, 58):(3, 1):(99, 95):(64, 8);0.0
graph_23_0.125.gml;23;31;0.125;clever;0.5;11;True;(11, 68):(72, 79):(99, 58):(13, 46):(3, 1):(64, 8):(63, 50):(99, 95):(84, 31):(44, 53):(47, 21);0.00099945068359375
graph_23_0.125.gml;23;31;0.125;clever;0.75;17;False;-1;0.001004934310913086
graph_23_0.25.gml;23;63;0.25;clever;0.125;2;True;(11, 68):(64, 8);0.0009856224060058594
graph_23_0.25.gml;23;63;0.25;clever;0.25;5;True;(63, 50):(11, 68):(72, 79):(13, 46):(64, 8);0.003996372222900391
graph_23_0.25.gml;23;63;0.25;clever;0.5;11;False;-1;0.0040090084075927734
graph_23_0.25.gml;23;63;0.25;clever;0.75;17;False;-1;0.00099945068359375
graph_23_0.5.gml;23;126;0.5;clever;0.125;2;True;(11, 68):(72, 79);0.008998870849609375
graph_23_0.5.gml;23;126;0.5;clever;0.25;5;True;(63, 50):(11, 68):(72, 79):(71, 100):(44, 53);0.012000322341918945
graph_23_0.5.gml;23;126;0.5;clever;0.5;11;False;-1;0.0050106048583984375
graph_23_0.5.gml;23;126;0.5;clever;0.75;17;False;-1;0.001990795135498047
graph_23_0.75.gml;23;189;0.75;clever;0.125;2;True;(11, 68):(72, 79);0.006991147994995117
graph_23_0.75.gml;23;189;0.75;clever;0.25;5;False;-1;0.006994485855102539
graph_23_0.75.gml;23;189;0.75;clever;0.5;11;False;-1;0.0029997825622558594
graph_23_0.75.gml;23;189;0.75;clever;0.75;17;False;-1;0.001997709274291992
graph_24_0.125.gml;24;34;0.125;clever;0.125;3;True;(3, 1):(84, 31):(72, 79);0.0
graph_24_0.125.gml;24;34;0.125;clever;0.25;6;True;(27, 93):(72, 79):(3, 1):(99, 95):(84, 31):(64, 8);0.0010018348693847656
graph_24_0.125.gml;24;34;0.125;clever;0.5;12;True;(99, 95):(72, 79):(41, 72):(71, 100):(3, 1):(1, 29):(18, 19):(80, 61):(84, 31):(27, 93):(64, 8):(47, 21);0.0009899139404296875
graph_24_0.125.gml;24;34;0.125;clever;0.75;18;False;-1;0.000997304916381836
graph_24_0.25.gml;24;69;0.25;clever;0.125;3;True;(11, 68):(99, 95):(41, 72);0.002014636993408203
graph_24_0.25.gml;24;69;0.25;clever;0.25;6;True;(63, 50):(99, 95):(11, 68):(41, 72):(3, 1):(30, 2);0.0039980411529541016
graph_24_0.25.gml;24;69;0.25;clever;0.5;12;False;-1;0.0029990673065185547
graph_24_0.25.gml;24;69;0.25;clever;0.75;18;False;-1;0.0010221004486083984
graph_24_0.5.gml;24;138;0.5;clever;0.125;3;True;(11, 68):(30, 2):(72, 79);0.008546829223632812
graph_24_0.5.gml;24;138;0.5;clever;0.25;6;True;(80, 61):(72, 79):(71, 100):(30, 2):(84, 31):(18, 19);0.007991552352905273
graph_24_0.5.gml;24;138;0.5;clever;0.5;12;False;-1;0.004002571105957031
graph_24_0.5.gml;24;138;0.5;clever;0.75;18;False;-1;0.001995563507080078
graph_24_0.75.gml;24;207;0.75;clever;0.125;3;True;(11, 68):(1, 29):(30, 2);0.0070002079010009766
graph_24_0.75.gml;24;207;0.75;clever;0.25;6;False;-1;0.005034446716308594
graph_24_0.75.gml;24;207;0.75;clever;0.5;12;False;-1;0.00399470329284668
graph_24_0.75.gml;24;207;0.75;clever;0.75;18;False;-1;0.0019986629486083984
graph_25_0.125.gml;25;37;0.125;clever;0.125;3;True;(99, 95):(30, 2):(1, 100);0.0
graph_25_0.125.gml;25;37;0.125;clever;0.25;6;True;(99, 95):(13, 46):(1, 100):(71, 100):(27, 93):(30, 2);0.0
graph_25_0.125.gml;25;37;0.125;clever;0.5;12;True;(11, 68):(99, 95):(71, 100):(13, 46):(18, 19):(80, 61):(64, 29):(33, 37):(1, 100):(27, 93):(44, 53):(30, 2);0.0010013580322265625
graph_25_0.125.gml;25;37;0.125;clever;0.75;18;False;-1;0.0010013580322265625
graph_25_0.25.gml;25;75;0.25;clever;0.125;3;True;(11, 68):(99, 95):(100, 6);0.00400090217590332
graph_25_0.25.gml;25;75;0.25;clever;0.25;6;True;(63, 50):(99, 95):(11, 68):(18, 19):(30, 2):(100, 6);0.009009122848510742
graph_25_0.25.gml;25;75;0.25;clever;0.5;12;False;-1;0.007994651794433594
graph_25_0.25.gml;25;75;0.25;clever;0.75;18;False;-1;0.002996683120727539
graph_25_0.5.gml;25;150;0.5;clever;0.125;3;True;(11, 68):(99, 95):(27, 93);0.012000322341918945
graph_25_0.5.gml;25;150;0.5;clever;0.25;6;True;(100, 6):(64, 29):(71, 100):(13, 46):(1, 29):(18, 19);0.012043237686157227
graph_25_0.5.gml;25;150;0.5;clever;0.5;12;False;-1;0.003999233245849609
graph_25_0.5.gml;25;150;0.5;clever;0.75;18;False;-1;0.0015430450439453125
graph_25_0.75.gml;25;225;0.75;clever;0.125;3;True;(80, 61):(99, 58):(100, 6);0.008002281188964844
graph_25_0.75.gml;25;225;0.75;clever;0.25;6;False;-1;0.00600123405456543
graph_25_0.75.gml;25;225;0.75;clever;0.5;12;False;-1;0.003969907760620117
graph_25_0.75.gml;25;225;0.75;clever;0.75;18;False;-1;0.0030002593994140625
graph_26_0.125.gml;26;40;0.125;clever;0.125;3;True;(11, 68):(84, 31):(100, 6);0.0
graph_26_0.125.gml;26;40;0.125;clever;0.25;6;True;(11, 68):(99, 58):(13, 46):(3, 1):(84, 31):(100, 6);0.0
graph_26_0.125.gml;26;40;0.125;clever;0.5;13;True;(11, 68):(72, 79):(47, 21):(41, 72):(13, 46):(99, 58):(3, 1):(100, 6):(33, 37):(27, 93):(84, 31):(44, 53):(100, 40);0.001001119613647461
graph_26_0.125.gml;26;40;0.125;clever;0.75;19;False;-1;0.002002716064453125
graph_26_0.25.gml;26;81;0.25;clever;0.125;3;True;(11, 68):(44, 53):(41, 72);0.002997159957885742
graph_26_0.25.gml;26;81;0.25;clever;0.25;6;True;(11, 68):(41, 72):(33, 37):(99, 58):(44, 53):(100, 6);0.012999773025512695
graph_26_0.25.gml;26;81;0.25;clever;0.5;13;False;-1;0.008028984069824219
graph_26_0.25.gml;26;81;0.25;clever;0.75;19;False;-1;0.0019989013671875
graph_26_0.5.gml;26;162;0.5;clever;0.125;3;True;(11, 68):(82, 1):(91, 76);0.014033079147338867
graph_26_0.5.gml;26;162;0.5;clever;0.25;6;True;(80, 61):(100, 6):(33, 37):(1, 100):(41, 72):(64, 8);0.015039920806884766
graph_26_0.5.gml;26;162;0.5;clever;0.5;13;False;-1;0.005027294158935547
graph_26_0.5.gml;26;162;0.5;clever;0.75;19;False;-1;0.0029964447021484375
graph_26_0.75.gml;26;243;0.75;clever;0.125;3;True;(33, 37):(41, 72):(100, 6);0.010046243667602539
graph_26_0.75.gml;26;243;0.75;clever;0.25;6;False;-1;0.006994009017944336
graph_26_0.75.gml;26;243;0.75;clever;0.5;13;False;-1;0.004998445510864258
graph_26_0.75.gml;26;243;0.75;clever;0.75;19;False;-1;0.0029997825622558594
graph_27_0.125.gml;27;43;0.125;clever;0.125;3;True;(63, 50):(84, 31):(33, 37);0.0
graph_27_0.125.gml;27;43;0.125;clever;0.25;6;True;(11, 68):(63, 50):(41, 72):(33, 37):(84, 31):(100, 6);0.0029952526092529297
graph_27_0.125.gml;27;43;0.125;clever;0.5;13;True;(11, 68):(72, 79):(41, 72):(3, 1):(18, 19):(100, 6):(80, 61):(63, 50):(64, 29):(33, 37):(27, 93):(84, 31):(55, 83);0.003989458084106445
graph_27_0.125.gml;27;43;0.125;clever;0.75;20;False;-1;0.0020017623901367188
graph_27_0.25.gml;27;87;0.25;clever;0.125;3;True;(11, 68):(33, 37):(100, 6);0.0039980411529541016
graph_27_0.25.gml;27;87;0.25;clever;0.25;6;True;(11, 68):(72, 79):(41, 72):(13, 46):(33, 37):(100, 6);0.00599980354309082
graph_27_0.25.gml;27;87;0.25;clever;0.5;13;False;-1;0.0060002803802490234
graph_27_0.25.gml;27;87;0.25;clever;0.75;20;False;-1;0.0029997825622558594
graph_27_0.5.gml;27;175;0.5;clever;0.125;3;True;(11, 68):(41, 72):(100, 6);0.017002582550048828
graph_27_0.5.gml;27;175;0.5;clever;0.25;6;True;(100, 6):(64, 29):(41, 72):(82, 1):(55, 83):(18, 19);0.017040014266967773
graph_27_0.5.gml;27;175;0.5;clever;0.5;13;False;-1;0.006543636322021484
graph_27_0.5.gml;27;175;0.5;clever;0.75;20;False;-1;0.003040790557861328
graph_27_0.75.gml;27;263;0.75;clever;0.125;3;True;(11, 68):(91, 76):(100, 40);0.009999752044677734
graph_27_0.75.gml;27;263;0.75;clever;0.25;6;False;-1;0.008002996444702148
graph_27_0.75.gml;27;263;0.75;clever;0.5;13;False;-1;0.004999876022338867
graph_27_0.75.gml;27;263;0.75;clever;0.75;20;False;-1;0.003025054931640625
graph_28_0.125.gml;28;47;0.125;clever;0.125;3;True;(99, 95):(51, 100):(33, 37);0.0
graph_28_0.125.gml;28;47;0.125;clever;0.25;7;True;(11, 68):(99, 95):(51, 100):(99, 58):(33, 37):(30, 2):(100, 40);0.0010046958923339844
graph_28_0.125.gml;28;47;0.125;clever;0.5;14;False;-1;0.0019969940185546875
graph_28_0.125.gml;28;47;0.125;clever;0.75;21;False;-1;0.00099945068359375
graph_28_0.25.gml;28;94;0.25;clever;0.125;3;True;(99, 95):(51, 100):(33, 37);0.0
graph_28_0.25.gml;28;94;0.25;clever;0.25;7;True;(11, 68):(99, 95):(51, 100):(99, 58):(33, 37):(30, 2):(100, 40);0.00799703598022461
graph_28_0.25.gml;28;94;0.25;clever;0.5;14;False;-1;0.005999565124511719
graph_28_0.25.gml;28;94;0.25;clever;0.75;21;False;-1;0.0009944438934326172
graph_28_0.5.gml;28;189;0.5;clever;0.125;3;True;(11, 68):(27, 93):(41, 72);0.018999576568603516
graph_28_0.5.gml;28;189;0.5;clever;0.25;7;False;-1;0.01800704002380371
graph_28_0.5.gml;28;189;0.5;clever;0.5;14;False;-1;0.006517887115478516
graph_28_0.5.gml;28;189;0.5;clever;0.75;21;False;-1;0.002998828887939453
graph_28_0.75.gml;28;283;0.75;clever;0.125;3;True;(63, 50):(99, 95):(11, 68);0.011994361877441406
graph_28_0.75.gml;28;283;0.75;clever;0.25;7;False;-1;0.007971048355102539
graph_28_0.75.gml;28;283;0.75;clever;0.5;14;False;-1;0.005998373031616211
graph_28_0.75.gml;28;283;0.75;clever;0.75;21;False;-1;0.004000186920166016
graph_29_0.125.gml;29;50;0.125;clever;0.125;3;True;(33, 37):(84, 31):(41, 72);0.0010006427764892578
graph_29_0.125.gml;29;50;0.125;clever;0.25;7;True;(80, 61):(11, 68):(41, 72):(33, 37):(84, 31):(82, 1):(100, 6);0.0019986629486083984
graph_29_0.125.gml;29;50;0.125;clever;0.5;14;True;(11, 68):(99, 58):(71, 100):(41, 72):(100, 6):(18, 19):(80, 61):(64, 29):(82, 1):(33, 37):(84, 31):(1, 83):(55, 83):(64, 8);0.0039997100830078125
graph_29_0.125.gml;29;50;0.125;clever;0.75;21;False;-1;0.003000020980834961
graph_29_0.25.gml;29;101;0.25;clever;0.125;3;True;(80, 61):(33, 37):(11, 68);0.00599980354309082
graph_29_0.25.gml;29;101;0.25;clever;0.25;7;True;(63, 50):(80, 61):(11, 68):(64, 29):(41, 72):(33, 37):(100, 6);0.018032550811767578
graph_29_0.25.gml;29;101;0.25;clever;0.5;14;False;-1;0.011038541793823242
graph_29_0.25.gml;29;101;0.25;clever;0.75;21;False;-1;0.0029964447021484375
graph_29_0.5.gml;29;203;0.5;clever;0.125;3;True;(80, 61):(91, 76):(11, 68);0.025583505630493164
graph_29_0.5.gml;29;203;0.5;clever;0.25;7;False;-1;0.022998332977294922
graph_29_0.5.gml;29;203;0.5;clever;0.5;14;False;-1;0.0069980621337890625
graph_29_0.5.gml;29;203;0.5;clever;0.75;21;False;-1;0.0030024051666259766
graph_29_0.75.gml;29;304;0.75;clever;0.125;3;True;(80, 61):(44, 53):(11, 68);0.012999534606933594
graph_29_0.75.gml;29;304;0.75;clever;0.25;7;False;-1;0.008970260620117188
graph_29_0.75.gml;29;304;0.75;clever;0.5;14;False;-1;0.0059964656829833984
graph_29_0.75.gml;29;304;0.75;clever;0.75;21;False;-1;0.004010677337646484
graph_30_0.125.gml;30;54;0.125;clever;0.125;3;True;(80, 61):(1, 83):(11, 68);0.0
graph_30_0.125.gml;30;54;0.125;clever;0.25;7;True;(27, 58):(80, 61):(11, 68):(30, 2):(1, 83):(44, 53):(100, 6);0.002001523971557617
graph_30_0.125.gml;30;54;0.125;clever;0.5;15;True;(11, 68):(91, 76):(47, 21):(1, 29):(100, 6):(63, 50):(27, 58):(80, 61):(1, 83):(1, 100):(99, 95):(64, 8):(44, 53):(100, 40):(30, 2);0.004001617431640625
graph_30_0.125.gml;30;54;0.125;clever;0.75;22;False;-1;0.0019969940185546875
graph_30_0.25.gml;30;108;0.25;clever;0.125;3;True;(27, 58):(100, 6):(11, 68);0.014441251754760742
graph_30_0.25.gml;30;108;0.25;clever;0.25;7;True;(27, 58):(100, 6):(11, 68):(99, 95):(44, 53):(1, 29):(1, 83);0.03499794006347656
graph_30_0.25.gml;30;108;0.25;clever;0.5;15;False;-1;0.017996788024902344
graph_30_0.25.gml;30;108;0.25;clever;0.75;22;False;-1;0.006003618240356445
graph_30_0.5.gml;30;217;0.5;clever;0.125;3;True;(100, 6):(100, 40):(11, 68);0.02862715721130371
graph_30_0.5.gml;30;217;0.5;clever;0.25;7;False;-1;0.02599787712097168
graph_30_0.5.gml;30;217;0.5;clever;0.5;15;False;-1;0.007996082305908203
graph_30_0.5.gml;30;217;0.5;clever;0.75;22;False;-1;0.00400090217590332
graph_30_0.75.gml;30;326;0.75;clever;0.125;3;True;(11, 68):(1, 29):(91, 76);0.015002727508544922
graph_30_0.75.gml;30;326;0.75;clever;0.25;7;False;-1;0.011000633239746094
graph_30_0.75.gml;30;326;0.75;clever;0.5;15;False;-1;0.0059528350830078125
graph_30_0.75.gml;30;326;0.75;clever;0.75;22;False;-1;0.003976345062255859
graph_31_0.125.gml;31;58;0.125;clever;0.125;3;True;(13, 46):(82, 1):(91, 76);0.0010004043579101562
graph_31_0.125.gml;31;58;0.125;clever;0.25;7;True;(63, 50):(91, 76):(99, 58):(13, 46):(82, 1):(55, 83):(47, 21);0.00099945068359375
graph_31_0.125.gml;31;58;0.125;clever;0.5;15;True;(47, 21):(99, 58):(91, 76):(13, 46):(3, 1):(1, 29):(100, 6):(63, 50):(1, 100):(48, 3):(99, 95):(82, 1):(55, 83):(1, 83):(30, 2);0.0029997825622558594
graph_31_0.125.gml;31;58;0.125;clever;0.75;23;False;-1;0.0010304450988769531
graph_31_0.25.gml;31;116;0.25;clever;0.125;3;True;(11, 68):(44, 53):(13, 46);0.012490510940551758
graph_31_0.25.gml;31;116;0.25;clever;0.25;7;True;(27, 58):(11, 68):(41, 72):(13, 46):(99, 95):(44, 53):(100, 40);0.030997514724731445
graph_31_0.25.gml;31;116;0.25;clever;0.5;15;False;-1;0.021000146865844727
graph_31_0.25.gml;31;116;0.25;clever;0.75;23;False;-1;0.004000663757324219
graph_31_0.5.gml;31;232;0.5;clever;0.125;3;True;(11, 68):(47, 21):(100, 40);0.022016525268554688
graph_31_0.5.gml;31;232;0.5;clever;0.25;7;False;-1;0.023507356643676758
graph_31_0.5.gml;31;232;0.5;clever;0.5;15;False;-1;0.008001565933227539
graph_31_0.5.gml;31;232;0.5;clever;0.75;23;False;-1;0.003999948501586914
graph_31_0.75.gml;31;348;0.75;clever;0.125;3;True;(11, 68):(91, 76):(64, 8);0.017035484313964844
graph_31_0.75.gml;31;348;0.75;clever;0.25;7;False;-1;0.011965274810791016
graph_31_0.75.gml;31;348;0.75;clever;0.5;15;False;-1;0.007999897003173828
graph_31_0.75.gml;31;348;0.75;clever;0.75;23;False;-1;0.005000114440917969
graph_32_0.125.gml;32;62;0.125;clever;0.125;4;True;(11, 68):(3, 1):(100, 40):(99, 58);0.0010328292846679688
graph_32_0.125.gml;32;62;0.125;clever;0.25;8;True;(63, 50):(27, 58):(11, 68):(41, 72):(99, 58):(3, 1):(30, 2):(100, 40);0.003998756408691406
graph_32_0.125.gml;32;62;0.125;clever;0.5;16;True;(99, 95):(100, 40):(47, 21):(41, 72):(99, 58):(3, 1):(64, 8):(1, 29):(100, 6):(63, 50):(27, 58):(82, 1):(27, 93):(84, 31):(1, 83):(30, 2);0.006994962692260742
graph_32_0.125.gml;32;62;0.125;clever;0.75;24;False;-1;0.0029909610748291016
graph_32_0.25.gml;32;124;0.25;clever;0.125;4;True;(11, 68):(27, 93):(51, 100):(30, 2);0.03455972671508789
graph_32_0.25.gml;32;124;0.25;clever;0.25;8;True;(27, 58):(11, 68):(72, 79):(51, 100):(99, 58):(27, 93):(18, 19):(30, 2);0.06251311302185059
graph_32_0.25.gml;32;124;0.25;clever;0.5;16;False;-1;0.02358078956604004
graph_32_0.25.gml;32;124;0.25;clever;0.75;24;False;-1;0.004000186920166016
graph_32_0.5.gml;32;248;0.5;clever;0.125;4;True;(11, 68):(30, 2):(64, 29):(41, 72);0.039966583251953125
graph_32_0.5.gml;32;248;0.5;clever;0.25;8;False;-1;0.030011653900146484
graph_32_0.5.gml;32;248;0.5;clever;0.5;16;False;-1;0.008030891418457031
graph_32_0.5.gml;32;248;0.5;clever;0.75;24;False;-1;0.004518270492553711
graph_32_0.75.gml;32;372;0.75;clever;0.125;4;True;(11, 68):(71, 100):(41, 72):(18, 19);0.018032550811767578
graph_32_0.75.gml;32;372;0.75;clever;0.25;8;False;-1;0.010991811752319336
graph_32_0.75.gml;32;372;0.75;clever;0.5;16;False;-1;0.00799703598022461
graph_32_0.75.gml;32;372;0.75;clever;0.75;24;False;-1;0.00400543212890625
graph_33_0.125.gml;33;66;0.125;clever;0.125;4;True;(80, 61):(27, 93):(55, 83):(71, 100);0.0009958744049072266
graph_33_0.125.gml;33;66;0.125;clever;0.25;8;True;(100, 6):(80, 61):(27, 93):(71, 100):(30, 2):(55, 83):(47, 21):(60, 68);0.0020051002502441406
graph_33_0.125.gml;33;66;0.125;clever;0.5;16;True;(84, 91):(27, 93):(72, 79):(41, 72):(99, 58):(71, 100):(60, 68):(27, 58):(80, 61):(82, 1):(99, 95):(84, 31):(44, 53):(55, 83):(47, 21):(30, 2);0.004995822906494141
graph_33_0.125.gml;33;66;0.125;clever;0.75;24;False;-1;0.0019991397857666016
graph_33_0.25.gml;33;132;0.25;clever;0.125;4;True;(11, 68):(71, 100):(33, 37):(100, 6);0.0209958553314209
graph_33_0.25.gml;33;132;0.25;clever;0.25;8;True;(80, 61):(84, 91):(11, 68):(33, 37):(71, 100):(27, 93):(100, 6):(60, 68);0.04662346839904785
graph_33_0.25.gml;33;132;0.25;clever;0.5;16;False;-1;0.024003028869628906
graph_33_0.25.gml;33;132;0.25;clever;0.75;24;False;-1;0.004996061325073242
graph_33_0.5.gml;33;264;0.5;clever;0.125;4;True;(84, 91):(64, 29):(100, 6):(11, 68);0.04962921142578125
graph_33_0.5.gml;33;264;0.5;clever;0.25;8;False;-1;0.03596687316894531
graph_33_0.5.gml;33;264;0.5;clever;0.5;16;False;-1;0.010995149612426758
graph_33_0.5.gml;33;264;0.5;clever;0.75;24;False;-1;0.005001068115234375
graph_33_0.75.gml;33;396;0.75;clever;0.125;4;True;(100, 6):(99, 58):(91, 76):(60, 68);0.018028736114501953
graph_33_0.75.gml;33;396;0.75;clever;0.25;8;False;-1;0.012039422988891602
graph_33_0.75.gml;33;396;0.75;clever;0.5;16;False;-1;0.007582187652587891
graph_33_0.75.gml;33;396;0.75;clever;0.75;24;False;-1;0.005019426345825195
graph_34_0.125.gml;34;70;0.125;clever;0.125;4;True;(63, 50):(84, 31):(99, 58):(1, 83);0.0
graph_34_0.125.gml;34;70;0.125;clever;0.25;8;True;(11, 68):(63, 50):(51, 100):(24, 77):(99, 58):(30, 2):(84, 31):(1, 83);0.0029985904693603516
graph_34_0.125.gml;34;70;0.125;clever;0.5;17;False;-1;0.004999399185180664
graph_34_0.125.gml;34;70;0.125;clever;0.75;25;False;-1;0.001997232437133789
graph_34_0.25.gml;34;140;0.25;clever;0.125;4;True;(84, 91):(99, 95):(72, 79):(11, 68);0.04099631309509277
graph_34_0.25.gml;34;140;0.25;clever;0.25;8;True;(63, 50):(84, 91):(99, 95):(11, 68):(1, 100):(27, 93):(44, 53):(30, 2);0.08758926391601562
graph_34_0.25.gml;34;140;0.25;clever;0.5;17;False;-1;0.02700662612915039
graph_34_0.25.gml;34;140;0.25;clever;0.75;25;False;-1;0.006002902984619141
graph_34_0.5.gml;34;280;0.5;clever;0.125;4;True;(84, 91):(72, 79):(1, 83):(11, 68);0.05162644386291504
graph_34_0.5.gml;34;280;0.5;clever;0.25;8;False;-1;0.035703182220458984
graph_34_0.5.gml;34;280;0.5;clever;0.5;17;False;-1;0.009969711303710938
graph_34_0.5.gml;34;280;0.5;clever;0.75;25;False;-1;0.0040094852447509766
graph_34_0.75.gml;34;420;0.75;clever;0.125;4;True;(11, 68):(64, 29):(47, 21):(1, 83);0.020612001419067383
graph_34_0.75.gml;34;420;0.75;clever;0.25;8;False;-1;0.013994455337524414
graph_34_0.75.gml;34;420;0.75;clever;0.5;17;False;-1;0.008998632431030273
graph_34_0.75.gml;34;420;0.75;clever;0.75;25;False;-1;0.00599980354309082
graph_35_0.125.gml;35;74;0.125;clever;0.125;4;True;(11, 68):(99, 95):(71, 100):(100, 40);0.0029997825622558594
graph_35_0.125.gml;35;74;0.125;clever;0.25;8;True;(63, 50):(11, 68):(100, 40):(99, 58):(71, 100):(99, 95):(44, 53):(100, 6);0.00600433349609375
graph_35_0.125.gml;35;74;0.125;clever;0.5;17;False;-1;0.009002685546875
graph_35_0.125.gml;35;74;0.125;clever;0.75;26;False;-1;0.0030066967010498047
graph_35_0.25.gml;35;148;0.25;clever;0.125;4;True;(11, 68):(99, 95):(51, 100):(100, 6);0.03961801528930664
graph_35_0.25.gml;35;148;0.25;clever;0.25;8;True;(100, 6):(11, 68):(51, 100):(99, 58):(18, 19):(99, 95):(44, 53):(100, 40);0.06800270080566406
graph_35_0.25.gml;35;148;0.25;clever;0.5;17;False;-1;0.02704596519470215
graph_35_0.25.gml;35;148;0.25;clever;0.75;26;False;-1;0.00559234619140625
graph_35_0.5.gml;35;297;0.5;clever;0.125;4;True;(11, 68):(99, 95):(51, 100):(72, 79);0.06000065803527832
graph_35_0.5.gml;35;297;0.5;clever;0.25;8;False;-1;0.04162430763244629
graph_35_0.5.gml;35;297;0.5;clever;0.5;17;False;-1;0.010001659393310547
graph_35_0.5.gml;35;297;0.5;clever;0.75;26;False;-1;0.0049991607666015625
graph_35_0.75.gml;35;446;0.75;clever;0.125;4;True;(80, 61):(24, 77):(100, 6):(48, 3);0.02199840545654297
graph_35_0.75.gml;35;446;0.75;clever;0.25;8;False;-1;0.015000104904174805
graph_35_0.75.gml;35;446;0.75;clever;0.5;17;False;-1;0.009000301361083984
graph_35_0.75.gml;35;446;0.75;clever;0.75;26;False;-1;0.005999088287353516
graph_36_0.125.gml;36;78;0.125;clever;0.125;4;True;(11, 68):(1, 29):(33, 37):(100, 40);0.001999378204345703
graph_36_0.125.gml;36;78;0.125;clever;0.25;9;True;(11, 68):(80, 46):(13, 46):(1, 29):(33, 37):(99, 95):(44, 53):(100, 40):(30, 2);0.012042760848999023
graph_36_0.125.gml;36;78;0.125;clever;0.5;18;False;-1;0.015580415725708008
graph_36_0.125.gml;36;78;0.125;clever;0.75;27;False;-1;0.004006385803222656
graph_36_0.25.gml;36;157;0.25;clever;0.125;4;True;(84, 91):(100, 6):(100, 40):(11, 68);0.0660407543182373
graph_36_0.25.gml;36;157;0.25;clever;0.25;9;True;(84, 91):(11, 68):(91, 76):(13, 46):(100, 6):(1, 100):(44, 53):(100, 40):(100, 24);0.1222076416015625
graph_36_0.25.gml;36;157;0.25;clever;0.5;18;False;-1;0.03404068946838379
graph_36_0.25.gml;36;157;0.25;clever;0.75;27;False;-1;0.004999876022338867
graph_36_0.5.gml;36;315;0.5;clever;0.125;4;True;(27, 58):(11, 68):(100, 6):(84, 91);0.05280709266662598
graph_36_0.5.gml;36;315;0.5;clever;0.25;9;False;-1;0.035578250885009766
graph_36_0.5.gml;36;315;0.5;clever;0.5;18;False;-1;0.010000944137573242
graph_36_0.5.gml;36;315;0.5;clever;0.75;27;False;-1;0.005000114440917969
graph_36_0.75.gml;36;472;0.75;clever;0.125;4;True;(84, 91):(44, 53):(47, 21):(11, 68);0.021999835968017578
graph_36_0.75.gml;36;472;0.75;clever;0.25;9;False;-1;0.014000415802001953
graph_36_0.75.gml;36;472;0.75;clever;0.5;18;False;-1;0.010039329528808594
graph_36_0.75.gml;36;472;0.75;clever;0.75;27;False;-1;0.0070002079010009766
graph_37_0.125.gml;37;83;0.125;clever;0.125;4;True;(100, 6):(27, 93):(64, 8):(11, 68);0.0015418529510498047
graph_37_0.125.gml;37;83;0.125;clever;0.25;9;True;(11, 68):(99, 58):(13, 46):(100, 6):(50, 38):(63, 50):(33, 37):(27, 93):(64, 8);0.0049936771392822266
graph_37_0.125.gml;37;83;0.125;clever;0.5;18;False;-1;0.009999752044677734
graph_37_0.125.gml;37;83;0.125;clever;0.75;27;False;-1;0.004000663757324219
graph_37_0.25.gml;37;166;0.25;clever;0.125;4;True;(11, 68):(99, 95):(27, 93):(13, 46);0.0560154914855957
graph_37_0.25.gml;37;166;0.25;clever;0.25;9;True;(99, 95):(11, 68):(71, 100):(13, 46):(100, 6):(80, 61):(51, 100):(27, 93):(47, 21);0.1302342414855957
graph_37_0.25.gml;37;166;0.25;clever;0.5;18;False;-1;0.03900003433227539
graph_37_0.25.gml;37;166;0.25;clever;0.75;27;False;-1;0.0059969425201416016
graph_37_0.5.gml;37;333;0.5;clever;0.125;4;True;(11, 68):(64, 29):(80, 46):(100, 6);0.08061981201171875
graph_37_0.5.gml;37;333;0.5;clever;0.25;9;False;-1;0.04803752899169922
graph_37_0.5.gml;37;333;0.5;clever;0.5;18;False;-1;0.012000322341918945
graph_37_0.5.gml;37;333;0.5;clever;0.75;27;False;-1;0.005586385726928711
graph_37_0.75.gml;37;499;0.75;clever;0.125;4;True;(11, 68):(99, 95):(51, 100):(60, 68);0.029999494552612305
graph_37_0.75.gml;37;499;0.75;clever;0.25;9;False;-1;0.019001245498657227
graph_37_0.75.gml;37;499;0.75;clever;0.5;18;False;-1;0.010972261428833008
graph_37_0.75.gml;37;499;0.75;clever;0.75;27;False;-1;0.0070209503173828125
graph_38_0.125.gml;38;87;0.125;clever;0.125;4;True;(11, 68):(1, 29):(99, 95):(100, 24);0.0010013580322265625
graph_38_0.125.gml;38;87;0.125;clever;0.25;9;True;(11, 68):(99, 95):(47, 21):(99, 58):(15, 87):(100, 6):(1, 29):(100, 40):(100, 24);0.002996683120727539
graph_38_0.125.gml;38;87;0.125;clever;0.5;19;False;-1;0.0070383548736572266
graph_38_0.125.gml;38;87;0.125;clever;0.75;28;False;-1;0.002000093460083008
graph_38_0.25.gml;38;175;0.25;clever;0.125;4;True;(11, 68):(27, 93):(44, 53):(100, 6);0.08859014511108398
graph_38_0.25.gml;38;175;0.25;clever;0.25;9;True;(11, 68):(80, 46):(1, 29):(100, 6):(80, 61):(27, 58):(27, 93):(82, 1):(44, 53);0.17817282676696777
graph_38_0.25.gml;38;175;0.25;clever;0.5;19;False;-1;0.03807425498962402
graph_38_0.25.gml;38;175;0.25;clever;0.75;28;False;-1;0.006581783294677734
graph_38_0.5.gml;38;351;0.5;clever;0.125;4;True;(3, 1):(80, 46):(41, 72):(11, 68);0.07000064849853516
graph_38_0.5.gml;38;351;0.5;clever;0.25;9;False;-1;0.04462027549743652
graph_38_0.5.gml;38;351;0.5;clever;0.5;19;False;-1;0.009997844696044922
graph_38_0.5.gml;38;351;0.5;clever;0.75;28;False;-1;0.0060024261474609375
graph_38_0.75.gml;38;527;0.75;clever;0.125;4;True;(80, 16):(100, 40):(71, 100):(11, 68);0.026000022888183594
graph_38_0.75.gml;38;527;0.75;clever;0.25;9;False;-1;0.016998291015625
graph_38_0.75.gml;38;527;0.75;clever;0.5;19;False;-1;0.012062311172485352
graph_38_0.75.gml;38;527;0.75;clever;0.75;28;False;-1;0.00699615478515625
graph_39_0.125.gml;39;92;0.125;clever;0.125;4;True;(18, 19):(64, 29):(100, 6):(11, 68);0.00404047966003418
graph_39_0.125.gml;39;92;0.125;clever;0.25;9;True;(11, 68):(80, 46):(100, 6):(18, 19):(64, 29):(99, 95):(55, 83):(1, 83):(100, 24);0.0149993896484375
graph_39_0.125.gml;39;92;0.125;clever;0.5;19;False;-1;0.020998477935791016
graph_39_0.125.gml;39;92;0.125;clever;0.75;29;False;-1;0.005996227264404297
graph_39_0.25.gml;39;185;0.25;clever;0.125;4;True;(99, 95):(30, 2):(100, 6):(11, 68);0.07162666320800781
graph_39_0.25.gml;39;185;0.25;clever;0.25;9;True;(11, 68):(27, 93):(100, 6):(18, 19):(80, 16):(60, 68):(99, 95):(84, 31):(30, 2);0.15239810943603516
graph_39_0.25.gml;39;185;0.25;clever;0.5;19;False;-1;0.049628257751464844
graph_39_0.25.gml;39;185;0.25;clever;0.75;29;False;-1;0.00799560546875
graph_39_0.5.gml;39;370;0.5;clever;0.125;4;True;(84, 91):(99, 95):(80, 46):(11, 68);0.08562636375427246
graph_39_0.5.gml;39;370;0.5;clever;0.25;9;False;-1;0.05700039863586426
graph_39_0.5.gml;39;370;0.5;clever;0.5;19;False;-1;0.015984058380126953
graph_39_0.5.gml;39;370;0.5;clever;0.75;29;False;-1;0.005570173263549805
graph_39_0.75.gml;39;555;0.75;clever;0.125;4;True;(11, 68):(1, 29):(33, 37):(1, 83);0.029978513717651367
graph_39_0.75.gml;39;555;0.75;clever;0.25;9;False;-1;0.0189516544342041
graph_39_0.75.gml;39;555;0.75;clever;0.5;19;False;-1;0.012034177780151367
graph_39_0.75.gml;39;555;0.75;clever;0.75;29;False;-1;0.008047103881835938
graph_40_0.125.gml;40;97;0.125;clever;0.125;5;True;(11, 68):(64, 29):(99, 58):(99, 95):(100, 6);0.0049517154693603516
graph_40_0.125.gml;40;97;0.125;clever;0.25;10;True;(11, 68):(99, 95):(99, 58):(13, 46):(3, 1):(100, 6):(27, 58):(51, 100):(64, 29):(27, 93);0.01407623291015625
graph_40_0.125.gml;40;97;0.125;clever;0.5;20;False;-1;0.017580509185791016
graph_40_0.125.gml;40;97;0.125;clever;0.75;30;False;-1;0.004999876022338867
graph_40_0.25.gml;40;195;0.25;clever;0.125;5;True;(11, 68):(91, 76):(1, 100):(3, 1):(100, 6);0.18524885177612305
graph_40_0.25.gml;40;195;0.25;clever;0.25;10;True;(11, 68):(72, 79):(99, 58):(71, 100):(41, 87):(18, 19):(60, 68):(27, 58):(27, 93):(30, 2);0.2552478313446045
graph_40_0.25.gml;40;195;0.25;clever;0.5;20;False;-1;0.04762458801269531
graph_40_0.25.gml;40;195;0.25;clever;0.75;30;False;-1;0.00599980354309082
graph_40_0.5.gml;40;390;0.5;clever;0.125;5;True;(27, 58):(80, 16):(11, 68):(80, 46):(55, 83);0.08603978157043457
graph_40_0.5.gml;40;390;0.5;clever;0.25;10;False;-1;0.045588016510009766
graph_40_0.5.gml;40;390;0.5;clever;0.5;20;False;-1;0.01100015640258789
graph_40_0.5.gml;40;390;0.5;clever;0.75;30;False;-1;0.005997419357299805
graph_40_0.75.gml;40;585;0.75;clever;0.125;5;False;-1;0.0320284366607666
graph_40_0.75.gml;40;585;0.75;clever;0.25;10;False;-1;0.01857781410217285
graph_40_0.75.gml;40;585;0.75;clever;0.5;20;False;-1;0.012999296188354492
graph_40_0.75.gml;40;585;0.75;clever;0.75;30;False;-1;0.007996797561645508
graph_41_0.125.gml;41;102;0.125;clever;0.125;5;True;(80, 61):(99, 95):(11, 68):(30, 2):(55, 83);0.019002437591552734
graph_41_0.125.gml;41;102;0.125;clever;0.25;10;True;(99, 95):(11, 68):(72, 79):(100, 6):(60, 68):(50, 38):(80, 61):(51, 100):(30, 2):(55, 83);0.04460763931274414
graph_41_0.125.gml;41;102;0.125;clever;0.5;20;False;-1;0.042999267578125
graph_41_0.125.gml;41;102;0.125;clever;0.75;30;False;-1;0.009000062942504883
graph_41_0.25.gml;41;205;0.25;clever;0.125;5;True;(84, 91):(11, 68):(3, 1):(15, 87):(100, 6);0.08162069320678711
graph_41_0.25.gml;41;205;0.25;clever;0.25;10;True;(84, 91):(11, 68):(41, 72):(3, 1):(41, 87):(15, 87):(100, 6):(80, 61):(48, 3):(44, 53);0.16503453254699707
graph_41_0.25.gml;41;205;0.25;clever;0.5;20;False;-1;0.03699970245361328
graph_41_0.25.gml;41;205;0.25;clever;0.75;30;False;-1;0.0069997310638427734
graph_41_0.5.gml;41;410;0.5;clever;0.125;5;True;(11, 68):(1, 58):(91, 76):(41, 72):(47, 21);0.1096343994140625
graph_41_0.5.gml;41;410;0.5;clever;0.25;10;False;-1;0.05461430549621582
graph_41_0.5.gml;41;410;0.5;clever;0.5;20;False;-1;0.01200103759765625
graph_41_0.5.gml;41;410;0.5;clever;0.75;30;False;-1;0.006998300552368164
graph_41_0.75.gml;41;615;0.75;clever;0.125;5;False;-1;0.03199911117553711
graph_41_0.75.gml;41;615;0.75;clever;0.25;10;False;-1;0.019002676010131836
graph_41_0.75.gml;41;615;0.75;clever;0.5;20;False;-1;0.014544963836669922
graph_41_0.75.gml;41;615;0.75;clever;0.75;30;False;-1;0.010010957717895508
graph_42_0.125.gml;42;107;0.125;clever;0.125;5;True;(27, 58):(11, 68):(24, 77):(71, 100):(1, 83);0.00999903678894043
graph_42_0.125.gml;42;107;0.125;clever;0.25;10;True;(11, 68):(71, 100):(50, 38):(63, 50):(51, 100):(27, 58):(24, 77):(99, 95):(1, 83):(30, 2);0.03400111198425293
graph_42_0.125.gml;42;107;0.125;clever;0.5;21;False;-1;0.037067413330078125
graph_42_0.125.gml;42;107;0.125;clever;0.75;31;False;-1;0.010582923889160156
graph_42_0.25.gml;42;215;0.25;clever;0.125;5;True;(11, 68):(72, 79):(51, 100):(1, 29):(100, 6);0.0870354175567627
graph_42_0.25.gml;42;215;0.25;clever;0.25;10;True;(11, 68):(72, 79):(41, 87):(15, 87):(100, 6):(51, 100):(1, 100):(1, 29):(82, 1):(1, 83);0.16820454597473145
graph_42_0.25.gml;42;215;0.25;clever;0.5;21;False;-1;0.041639089584350586
graph_42_0.25.gml;42;215;0.25;clever;0.75;31;False;-1;0.007997512817382812
graph_42_0.5.gml;42;430;0.5;clever;0.125;5;True;(50, 38):(11, 68):(72, 79):(71, 100):(1, 83);0.08403944969177246
graph_42_0.5.gml;42;430;0.5;clever;0.25;10;False;-1;0.05157923698425293
graph_42_0.5.gml;42;430;0.5;clever;0.5;21;False;-1;0.013990640640258789
graph_42_0.5.gml;42;430;0.5;clever;0.75;31;False;-1;0.007000446319580078
graph_42_0.75.gml;42;645;0.75;clever;0.125;5;False;-1;0.034629106521606445
graph_42_0.75.gml;42;645;0.75;clever;0.25;10;False;-1;0.022969484329223633
graph_42_0.75.gml;42;645;0.75;clever;0.5;21;False;-1;0.015000581741333008
graph_42_0.75.gml;42;645;0.75;clever;0.75;31;False;-1;0.008999347686767578
graph_43_0.125.gml;43;112;0.125;clever;0.125;5;True;(27, 58):(11, 68):(1, 58):(100, 6):(3, 16);0.020000219345092773
graph_43_0.125.gml;43;112;0.125;clever;0.25;10;True;(11, 68):(72, 79):(80, 46):(100, 6):(60, 68):(63, 50):(27, 58):(3, 16):(1, 58):(47, 21);0.05753660202026367
graph_43_0.125.gml;43;112;0.125;clever;0.5;21;False;-1;0.05300784111022949
graph_43_0.125.gml;43;112;0.125;clever;0.75;32;False;-1;0.011001110076904297
graph_43_0.25.gml;43;225;0.25;clever;0.125;5;True;(11, 68):(64, 29):(91, 76):(100, 6):(60, 68);0.2826972007751465
graph_43_0.25.gml;43;225;0.25;clever;0.25;10;True;(11, 68):(47, 21):(32, 18):(1, 29):(100, 6):(60, 68):(27, 58):(64, 29):(99, 95):(100, 40);0.4231102466583252
graph_43_0.25.gml;43;225;0.25;clever;0.5;21;False;-1;0.06299972534179688
graph_43_0.25.gml;43;225;0.25;clever;0.75;32;False;-1;0.006999969482421875
graph_43_0.5.gml;43;451;0.5;clever;0.125;5;True;(27, 58):(11, 68):(64, 8):(100, 6):(3, 16);0.12066483497619629
graph_43_0.5.gml;43;451;0.5;clever;0.25;10;False;-1;0.06658172607421875
graph_43_0.5.gml;43;451;0.5;clever;0.5;21;False;-1;0.015999555587768555
graph_43_0.5.gml;43;451;0.5;clever;0.75;32;False;-1;0.0070421695709228516
graph_43_0.75.gml;43;677;0.75;clever;0.125;5;True;(80, 16):(100, 40):(84, 31):(55, 83):(32, 18);0.03858542442321777
graph_43_0.75.gml;43;677;0.75;clever;0.25;10;False;-1;0.022994518280029297
graph_43_0.75.gml;43;677;0.75;clever;0.5;21;False;-1;0.015002727508544922
graph_43_0.75.gml;43;677;0.75;clever;0.75;32;False;-1;0.009000062942504883
graph_44_0.125.gml;44;118;0.125;clever;0.125;5;True;(100, 6):(84, 91):(72, 79):(99, 58):(15, 87);0.0030014514923095703
graph_44_0.125.gml;44;118;0.125;clever;0.25;11;True;(84, 91):(72, 79):(99, 58):(100, 6):(15, 87):(80, 16):(3, 16):(24, 77):(48, 3):(99, 95):(84, 31);0.016042470932006836
graph_44_0.125.gml;44;118;0.125;clever;0.5;22;False;-1;0.020043373107910156
graph_44_0.125.gml;44;118;0.125;clever;0.75;33;False;-1;0.0039899349212646484
graph_44_0.25.gml;44;236;0.25;clever;0.125;5;True;(11, 68):(72, 79):(16, 100):(100, 6):(100, 24);0.20624589920043945
graph_44_0.25.gml;44;236;0.25;clever;0.25;11;True;(11, 68):(72, 79):(71, 100):(18, 19):(60, 68):(100, 6):(33, 37):(48, 3):(44, 53):(55, 83):(100, 24);0.34262728691101074
graph_44_0.25.gml;44;236;0.25;clever;0.5;22;False;-1;0.05362200736999512
graph_44_0.25.gml;44;236;0.25;clever;0.75;33;False;-1;0.0070018768310546875
graph_44_0.5.gml;44;473;0.5;clever;0.125;5;True;(11, 68):(72, 79):(41, 72):(33, 37):(48, 3);0.11861443519592285
graph_44_0.5.gml;44;473;0.5;clever;0.25;11;False;-1;0.06161832809448242
graph_44_0.5.gml;44;473;0.5;clever;0.5;22;False;-1;0.017035245895385742
graph_44_0.5.gml;44;473;0.5;clever;0.75;33;False;-1;0.008999109268188477
graph_44_0.75.gml;44;709;0.75;clever;0.125;5;True;(27, 58):(80, 16):(99, 58):(1, 29):(84, 31);0.04104328155517578
graph_44_0.75.gml;44;709;0.75;clever;0.25;11;False;-1;0.022590160369873047
graph_44_0.75.gml;44;709;0.75;clever;0.5;22;False;-1;0.01599907875061035
graph_44_0.75.gml;44;709;0.75;clever;0.75;33;False;-1;0.008999109268188477
graph_45_0.125.gml;45;123;0.125;clever;0.125;5;True;(11, 68):(16, 6):(30, 2):(48, 3):(100, 6);0.014001607894897461
graph_45_0.125.gml;45;123;0.125;clever;0.25;11;True;(11, 68):(41, 72):(99, 58):(19, 34):(41, 87):(100, 6):(16, 6):(51, 100):(48, 3):(30, 2):(64, 8);0.07059478759765625
graph_45_0.125.gml;45;123;0.125;clever;0.5;22;False;-1;0.06204533576965332
graph_45_0.125.gml;45;123;0.125;clever;0.75;33;False;-1;0.010000944137573242
graph_45_0.25.gml;45;247;0.25;clever;0.125;5;True;(80, 16):(11, 68):(80, 46):(99, 95):(100, 6);0.3244636058807373
graph_45_0.25.gml;45;247;0.25;clever;0.25;11;True;(11, 68):(16, 100):(47, 21):(3, 1):(19, 34):(16, 6):(80, 16):(48, 3):(1, 29):(82, 1):(32, 18);0.4968531131744385
graph_45_0.25.gml;45;247;0.25;clever;0.5;22;False;-1;0.06903934478759766
graph_45_0.25.gml;45;247;0.25;clever;0.75;33;False;-1;0.006997585296630859
graph_45_0.5.gml;45;495;0.5;clever;0.125;5;True;(80, 16):(11, 68):(16, 100):(3, 1):(32, 18);0.15120959281921387
graph_45_0.5.gml;45;495;0.5;clever;0.25;11;False;-1;0.07662653923034668
graph_45_0.5.gml;45;495;0.5;clever;0.5;22;False;-1;0.017998695373535156
graph_45_0.5.gml;45;495;0.5;clever;0.75;33;False;-1;0.009000778198242188
graph_45_0.75.gml;45;742;0.75;clever;0.125;5;False;-1;0.045038700103759766
graph_45_0.75.gml;45;742;0.75;clever;0.25;11;False;-1;0.025590181350708008
graph_45_0.75.gml;45;742;0.75;clever;0.5;22;False;-1;0.016997575759887695
graph_45_0.75.gml;45;742;0.75;clever;0.75;33;False;-1;0.01099705696105957
graph_46_0.125.gml;46;129;0.125;clever;0.125;5;True;(11, 68):(99, 95):(32, 18):(100, 6):(30, 2);0.029001712799072266
graph_46_0.125.gml;46;129;0.125;clever;0.25;11;True;(11, 68):(13, 46):(3, 16):(100, 6):(27, 58):(50, 38):(24, 77):(99, 95):(82, 1):(32, 18):(30, 2);0.10667705535888672
graph_46_0.125.gml;46;129;0.125;clever;0.5;23;False;-1;0.08457660675048828
graph_46_0.125.gml;46;129;0.125;clever;0.75;34;False;-1;0.015041589736938477
graph_46_0.25.gml;46;258;0.25;clever;0.125;5;True;(11, 68):(33, 37):(1, 29):(100, 6):(30, 2);0.3684566020965576
graph_46_0.25.gml;46;258;0.25;clever;0.25;11;True;(11, 68):(72, 79):(1, 29):(100, 6):(50, 38):(24, 77):(33, 37):(48, 3):(27, 93):(32, 18):(30, 2);0.5554614067077637
graph_46_0.25.gml;46;258;0.25;clever;0.5;23;False;-1;0.07804346084594727
graph_46_0.25.gml;46;258;0.25;clever;0.75;34;False;-1;0.01054072380065918
graph_46_0.5.gml;46;517;0.5;clever;0.125;5;True;(63, 50):(11, 68):(72, 79):(55, 83):(100, 6);0.16767001152038574
graph_46_0.5.gml;46;517;0.5;clever;0.25;11;False;-1;0.0826268196105957
graph_46_0.5.gml;46;517;0.5;clever;0.5;23;False;-1;0.01999974250793457
graph_46_0.5.gml;46;517;0.5;clever;0.75;34;False;-1;0.009001493453979492
graph_46_0.75.gml;46;776;0.75;clever;0.125;5;False;-1;0.04561924934387207
graph_46_0.75.gml;46;776;0.75;clever;0.25;11;False;-1;0.026000499725341797
graph_46_0.75.gml;46;776;0.75;clever;0.5;23;False;-1;0.01799917221069336
graph_46_0.75.gml;46;776;0.75;clever;0.75;34;False;-1;0.012000322341918945
graph_47_0.125.gml;47;135;0.125;clever;0.125;5;True;(84, 91):(11, 68):(80, 46):(30, 2):(100, 6);0.025652170181274414
graph_47_0.125.gml;47;135;0.125;clever;0.25;11;True;(84, 91):(11, 68):(80, 46):(64, 91):(3, 1):(15, 87):(60, 68):(63, 50):(100, 6):(30, 2):(64, 8);0.14362311363220215
graph_47_0.125.gml;47;135;0.125;clever;0.5;23;False;-1;0.11032938957214355
graph_47_0.125.gml;47;135;0.125;clever;0.75;35;False;-1;0.015035629272460938
graph_47_0.25.gml;47;270;0.25;clever;0.125;5;True;(63, 50):(11, 68):(16, 100):(41, 72):(100, 6);0.2736208438873291
graph_47_0.25.gml;47;270;0.25;clever;0.25;11;True;(11, 68):(80, 46):(100, 40):(3, 1):(41, 87):(15, 87):(80, 16):(24, 77):(51, 100):(27, 93):(1, 83);0.5021152496337891
graph_47_0.25.gml;47;270;0.25;clever;0.5;23;False;-1;0.07062268257141113
graph_47_0.25.gml;47;270;0.25;clever;0.75;35;False;-1;0.008002042770385742
graph_47_0.5.gml;47;540;0.5;clever;0.125;5;True;(84, 91):(11, 68):(13, 46):(19, 34):(60, 68);0.19722223281860352
graph_47_0.5.gml;47;540;0.5;clever;0.25;11;False;-1;0.0936288833618164
graph_47_0.5.gml;47;540;0.5;clever;0.5;23;False;-1;0.017995119094848633
graph_47_0.5.gml;47;540;0.5;clever;0.75;35;False;-1;0.00999903678894043
graph_47_0.75.gml;47;810;0.75;clever;0.125;5;True;(100, 6):(30, 2):(55, 83):(47, 21):(3, 16);0.05462241172790527
graph_47_0.75.gml;47;810;0.75;clever;0.25;11;False;-1;0.030997753143310547
graph_47_0.75.gml;47;810;0.75;clever;0.5;23;False;-1;0.01901078224182129
graph_47_0.75.gml;47;810;0.75;clever;0.75;35;False;-1;0.012007474899291992
graph_48_0.125.gml;48;141;0.125;clever;0.125;6;True;(11, 68):(1, 42):(41, 72):(1, 100):(100, 40):(100, 24);0.03264641761779785
graph_48_0.125.gml;48;141;0.125;clever;0.25;12;True;(11, 68):(64, 91):(41, 72):(71, 100):(3, 1):(41, 87):(100, 6):(60, 68):(1, 42):(1, 100):(100, 40):(100, 24);0.19925236701965332
graph_48_0.125.gml;48;141;0.125;clever;0.5;24;False;-1;0.11039257049560547
graph_48_0.125.gml;48;141;0.125;clever;0.75;36;False;-1;0.009001016616821289
graph_48_0.25.gml;48;282;0.25;clever;0.125;6;True;(11, 68):(24, 77):(64, 91):(41, 72):(100, 6):(60, 68);0.7985634803771973
graph_48_0.25.gml;48;282;0.25;clever;0.25;12;True;(64, 91):(41, 72):(16, 100):(99, 58):(18, 19):(16, 6):(60, 68):(100, 6):(24, 77):(1, 58):(1, 29):(25, 46);0.8585610389709473
graph_48_0.25.gml;48;282;0.25;clever;0.5;24;False;-1;0.08158016204833984
graph_48_0.25.gml;48;282;0.25;clever;0.75;36;False;-1;0.009000062942504883
graph_48_0.5.gml;48;564;0.5;clever;0.125;6;True;(11, 68):(1, 42):(27, 93):(1, 29):(15, 87):(60, 68);0.20325183868408203
graph_48_0.5.gml;48;564;0.5;clever;0.25;12;False;-1;0.08862638473510742
graph_48_0.5.gml;48;564;0.5;clever;0.5;24;False;-1;0.024040937423706055
graph_48_0.5.gml;48;564;0.5;clever;0.75;36;False;-1;0.009585380554199219
graph_48_0.75.gml;48;846;0.75;clever;0.125;6;False;-1;0.04900217056274414
graph_48_0.75.gml;48;846;0.75;clever;0.25;12;False;-1;0.029003143310546875
graph_48_0.75.gml;48;846;0.75;clever;0.5;24;False;-1;0.019623517990112305
graph_48_0.75.gml;48;846;0.75;clever;0.75;36;False;-1;0.013052701950073242
graph_49_0.125.gml;49;147;0.125;clever;0.125;6;True;(11, 68):(51, 100):(99, 95):(1, 29):(100, 6):(100, 24);0.17566537857055664
graph_49_0.125.gml;49;147;0.125;clever;0.25;12;True;(99, 95):(11, 68):(71, 100):(3, 1):(1, 29):(100, 6):(60, 68):(51, 100):(1, 100):(27, 93):(44, 53):(100, 24);0.4956948757171631
graph_49_0.125.gml;49;147;0.125;clever;0.5;24;False;-1;0.30085277557373047
graph_49_0.125.gml;49;147;0.125;clever;0.75;36;False;-1;0.0335845947265625
graph_49_0.25.gml;49;294;0.25;clever;0.125;6;True;(11, 68):(80, 46):(41, 72):(99, 58):(3, 1):(99, 95);0.9433560371398926
graph_49_0.25.gml;49;294;0.25;clever;0.25;12;True;(11, 68):(80, 46):(64, 91):(41, 72):(99, 58):(3, 1):(3, 16):(50, 38):(27, 58):(33, 37):(27, 93):(30, 2);1.0634291172027588
graph_49_0.25.gml;49;294;0.25;clever;0.5;24;False;-1;0.11562943458557129
graph_49_0.25.gml;49;294;0.25;clever;0.75;36;False;-1;0.012995481491088867
graph_49_0.5.gml;49;588;0.5;clever;0.125;6;True;(99, 95):(11, 68):(1, 29):(82, 1):(19, 34):(60, 68);0.20598530769348145
graph_49_0.5.gml;49;588;0.5;clever;0.25;12;False;-1;0.08962869644165039
graph_49_0.5.gml;49;588;0.5;clever;0.5;24;False;-1;0.020999908447265625
graph_49_0.5.gml;49;588;0.5;clever;0.75;36;False;-1;0.010039806365966797
graph_49_0.75.gml;49;882;0.75;clever;0.125;6;False;-1;0.05057692527770996
graph_49_0.75.gml;49;882;0.75;clever;0.25;12;False;-1;0.03000164031982422
graph_49_0.75.gml;49;882;0.75;clever;0.5;24;False;-1;0.021045207977294922
graph_49_0.75.gml;49;882;0.75;clever;0.75;36;False;-1;0.013587713241577148
graph_4_0.125.gml;4;0;0.125;clever;0.125;0;True;-1;0.0
graph_4_0.125.gml;4;0;0.125;clever;0.25;1;True;(11, 68);0.0
graph_4_0.125.gml;4;0;0.125;clever;0.5;2;True;(11, 68):(100, 6);0.0
graph_4_0.125.gml;4;0;0.125;clever;0.75;3;True;(11, 68):(99, 95):(100, 6);0.0
graph_4_0.25.gml;4;1;0.25;clever;0.125;0;True;-1;0.0
graph_4_0.25.gml;4;1;0.25;clever;0.25;1;True;(11, 68);0.0
graph_4_0.25.gml;4;1;0.25;clever;0.5;2;True;(11, 68):(99, 95);0.0
graph_4_0.25.gml;4;1;0.25;clever;0.75;3;True;(99, 95):(30, 2):(11, 68);0.0
graph_4_0.5.gml;4;3;0.5;clever;0.125;0;True;-1;0.0
graph_4_0.5.gml;4;3;0.5;clever;0.25;1;True;(11, 68);0.0
graph_4_0.5.gml;4;3;0.5;clever;0.5;2;True;(11, 68):(99, 95);0.0
graph_4_0.5.gml;4;3;0.5;clever;0.75;3;False;-1;0.0
graph_4_0.75.gml;4;4;0.75;clever;0.125;0;True;-1;0.0
graph_4_0.75.gml;4;4;0.75;clever;0.25;1;True;(30, 2);0.0
graph_4_0.75.gml;4;4;0.75;clever;0.5;2;True;(11, 68):(30, 2);0.0
graph_4_0.75.gml;4;4;0.75;clever;0.75;3;False;-1;0.0
graph_50_0.125.gml;50;153;0.125;clever;0.125;6;True;(100, 6):(11, 68):(51, 100):(99, 95):(3, 16):(30, 2);0.2878720760345459
graph_50_0.125.gml;50;153;0.125;clever;0.25;12;True;(99, 95):(11, 68):(72, 79):(3, 1):(3, 16):(60, 68):(100, 6):(51, 100):(1, 58):(1, 100):(30, 2):(19, 34);0.8945350646972656
graph_50_0.125.gml;50;153;0.125;clever;0.5;25;False;-1;0.34645938873291016
graph_50_0.125.gml;50;153;0.125;clever;0.75;37;False;-1;0.02899646759033203
graph_50_0.25.gml;50;306;0.25;clever;0.125;6;True;(100, 6):(11, 68):(64, 91):(99, 95):(15, 87):(3, 16);1.0061562061309814
graph_50_0.25.gml;50;306;0.25;clever;0.25;12;True;(11, 68):(41, 87):(3, 16):(100, 6):(63, 50):(80, 61):(64, 29):(27, 93):(84, 31):(44, 53):(91, 76):(30, 2);1.1285068988800049
graph_50_0.25.gml;50;306;0.25;clever;0.5;25;False;-1;0.10577821731567383
graph_50_0.25.gml;50;306;0.25;clever;0.75;37;False;-1;0.011004924774169922
graph_50_0.5.gml;50;612;0.5;clever;0.125;6;True;(99, 95):(11, 68):(41, 72):(1, 29):(39, 99):(3, 16);0.22124981880187988
graph_50_0.5.gml;50;612;0.5;clever;0.25;12;False;-1;0.09262847900390625
graph_50_0.5.gml;50;612;0.5;clever;0.5;25;False;-1;0.01799607276916504
graph_50_0.5.gml;50;612;0.5;clever;0.75;37;False;-1;0.010995149612426758
graph_50_0.75.gml;50;918;0.75;clever;0.125;6;False;-1;0.056592464447021484
graph_50_0.75.gml;50;918;0.75;clever;0.25;12;False;-1;0.03300166130065918
graph_50_0.75.gml;50;918;0.75;clever;0.5;25;False;-1;0.022036314010620117
graph_50_0.75.gml;50;918;0.75;clever;0.75;37;False;-1;0.014053583145141602
graph_51_0.125.gml;51;159;0.125;clever;0.125;6;True;(99, 95):(11, 68):(92, 16):(30, 2):(25, 46):(91, 76);0.2662529945373535
graph_51_0.125.gml;51;159;0.125;clever;0.25;12;True;(99, 95):(11, 68):(72, 79):(16, 100):(99, 58):(64, 91):(92, 16):(24, 77):(64, 29):(30, 2):(25, 46):(91, 76);0.8536777496337891
graph_51_0.125.gml;51;159;0.125;clever;0.5;25;False;-1;0.3478667736053467
graph_51_0.125.gml;51;159;0.125;clever;0.75;38;False;-1;0.025039196014404297
graph_51_0.25.gml;51;318;0.25;clever;0.125;6;True;(99, 95):(11, 68):(64, 29):(27, 93):(82, 1):(30, 2);0.7930192947387695
graph_51_0.25.gml;51;318;0.25;clever;0.25;12;True;(25, 46):(99, 95):(72, 79):(11, 68):(64, 91):(15, 87):(80, 16):(24, 77):(64, 29):(27, 93):(82, 1):(30, 2);0.9391076564788818
graph_51_0.25.gml;51;318;0.25;clever;0.5;25;False;-1;0.09421396255493164
graph_51_0.25.gml;51;318;0.25;clever;0.75;38;False;-1;0.00999903678894043
graph_51_0.5.gml;51;637;0.5;clever;0.125;6;True;(11, 68):(72, 79):(64, 29):(80, 46):(99, 95):(25, 46);0.2592740058898926
graph_51_0.5.gml;51;637;0.5;clever;0.25;12;False;-1;0.11051154136657715
graph_51_0.5.gml;51;637;0.5;clever;0.5;25;False;-1;0.02550792694091797
graph_51_0.5.gml;51;637;0.5;clever;0.75;38;False;-1;0.009999513626098633
graph_51_0.75.gml;51;956;0.75;clever;0.125;6;False;-1;0.05100274085998535
graph_51_0.75.gml;51;956;0.75;clever;0.25;12;False;-1;0.031507253646850586
graph_51_0.75.gml;51;956;0.75;clever;0.5;25;False;-1;0.019998788833618164
graph_51_0.75.gml;51;956;0.75;clever;0.75;38;False;-1;0.012998819351196289
graph_52_0.125.gml;52;165;0.125;clever;0.125;6;True;(100, 6):(11, 68):(51, 100):(99, 95):(64, 8):(30, 2);0.2805311679840088
graph_52_0.125.gml;52;165;0.125;clever;0.25;13;True;(99, 95):(11, 68):(72, 79):(3, 1):(100, 6):(51, 100):(64, 29):(1, 58):(1, 42):(27, 93):(39, 99):(64, 8):(30, 2);0.8744323253631592
graph_52_0.125.gml;52;165;0.125;clever;0.5;26;False;-1;0.34506916999816895
graph_52_0.125.gml;52;165;0.125;clever;0.75;39;False;-1;0.02700018882751465
graph_52_0.25.gml;52;331;0.25;clever;0.125;6;True;(84, 91):(100, 6):(72, 79):(11, 68):(99, 95):(64, 8);1.0213696956634521
graph_52_0.25.gml;52;331;0.25;clever;0.25;13;True;(84, 91):(41, 72):(41, 87):(3, 16):(16, 6):(27, 58):(50, 38):(100, 6):(27, 93):(64, 8):(30, 2):(91, 76):(100, 24);1.0721137523651123
graph_52_0.25.gml;52;331;0.25;clever;0.5;26;False;-1;0.09450936317443848
graph_52_0.25.gml;52;331;0.25;clever;0.75;39;False;-1;0.010999917984008789
graph_52_0.5.gml;52;663;0.5;clever;0.125;6;True;(11, 68):(72, 79):(1, 58):(99, 58):(30, 2):(100, 6);0.24956822395324707
graph_52_0.5.gml;52;663;0.5;clever;0.25;13;False;-1;0.09550976753234863
graph_52_0.5.gml;52;663;0.5;clever;0.5;26;False;-1;0.02499985694885254
graph_52_0.5.gml;52;663;0.5;clever;0.75;39;False;-1;0.009999990463256836
graph_52_0.75.gml;52;994;0.75;clever;0.125;6;False;-1;0.05250906944274902
graph_52_0.75.gml;52;994;0.75;clever;0.25;13;False;-1;0.02899909019470215
graph_52_0.75.gml;52;994;0.75;clever;0.5;26;False;-1;0.020999431610107422
graph_52_0.75.gml;52;994;0.75;clever;0.75;39;False;-1;0.012998819351196289
graph_53_0.125.gml;53;172;0.125;clever;0.125;6;True;(11, 68):(80, 16):(3, 1):(99, 95):(25, 46):(100, 6);0.05350637435913086
graph_53_0.125.gml;53;172;0.125;clever;0.25;13;True;(11, 68):(72, 79):(64, 91):(16, 100):(41, 72):(99, 58):(71, 100):(3, 1):(3, 16):(100, 6):(80, 16):(99, 95):(25, 46);0.228773832321167
graph_53_0.125.gml;53;172;0.125;clever;0.5;26;False;-1;0.13302206993103027
graph_53_0.125.gml;53;172;0.125;clever;0.75;39;False;-1;0.014999628067016602
graph_53_0.25.gml;53;344;0.25;clever;0.125;6;True;(63, 50):(100, 6):(11, 68):(16, 100):(3, 1):(32, 18);0.7192890644073486
graph_53_0.25.gml;53;344;0.25;clever;0.25;13;True;(11, 68):(99, 58):(3, 1):(18, 19):(16, 6):(3, 16):(80, 16):(24, 77):(33, 37):(84, 31):(99, 95):(25, 46):(32, 18);0.948601484298706
graph_53_0.25.gml;53;344;0.25;clever;0.5;26;False;-1;0.09550642967224121
graph_53_0.25.gml;53;344;0.25;clever;0.75;39;False;-1;0.01100301742553711
graph_53_0.5.gml;53;689;0.5;clever;0.125;6;True;(80, 16):(11, 68):(1, 58):(1, 42):(99, 95):(16, 6);0.24927377700805664
graph_53_0.5.gml;53;689;0.5;clever;0.25;13;False;-1;0.09351015090942383
graph_53_0.5.gml;53;689;0.5;clever;0.5;26;False;-1;0.019999027252197266
graph_53_0.5.gml;53;689;0.5;clever;0.75;39;False;-1;0.012000083923339844
graph_53_0.75.gml;53;1033;0.75;clever;0.125;6;False;-1;0.05550980567932129
graph_53_0.75.gml;53;1033;0.75;clever;0.25;13;False;-1;0.029000043869018555
graph_53_0.75.gml;53;1033;0.75;clever;0.5;26;False;-1;0.022998571395874023
graph_53_0.75.gml;53;1033;0.75;clever;0.75;39;False;-1;0.014003276824951172
graph_54_0.125.gml;54;178;0.125;clever;0.125;6;True;(11, 68):(1, 42):(99, 95):(1, 83):(100, 6):(30, 2);0.13701796531677246
graph_54_0.125.gml;54;178;0.125;clever;0.25;13;True;(99, 95):(11, 68):(53, 59):(91, 49):(19, 34):(100, 6):(63, 50):(1, 42):(30, 2):(82, 1):(44, 53):(1, 83):(100, 24);0.6744887828826904
graph_54_0.125.gml;54;178;0.125;clever;0.5;27;False;-1;0.3053004741668701
graph_54_0.125.gml;54;178;0.125;clever;0.75;40;False;-1;0.03299903869628906
graph_54_0.25.gml;54;357;0.25;clever;0.125;6;True;(84, 91):(99, 95):(11, 68):(1, 42):(30, 2):(100, 6);0.9991166591644287
graph_54_0.25.gml;54;357;0.25;clever;0.25;13;True;(11, 68):(53, 59):(64, 8):(16, 6):(100, 6):(63, 50):(1, 42):(1, 100):(99, 95):(82, 1):(55, 83):(19, 34):(100, 24);1.2522926330566406
graph_54_0.25.gml;54;357;0.25;clever;0.5;27;False;-1;0.11650991439819336
graph_54_0.25.gml;54;357;0.25;clever;0.75;40;False;-1;0.01600050926208496
graph_54_0.5.gml;54;715;0.5;clever;0.125;6;True;(11, 68):(91, 49):(99, 95):(82, 1):(3, 16):(100, 24);0.3211507797241211
graph_54_0.5.gml;54;715;0.5;clever;0.25;13;False;-1;0.12951111793518066
graph_54_0.5.gml;54;715;0.5;clever;0.5;27;False;-1;0.030510902404785156
graph_54_0.5.gml;54;715;0.5;clever;0.75;40;False;-1;0.012000083923339844
graph_54_0.75.gml;54;1073;0.75;clever;0.125;6;False;-1;0.0650031566619873
graph_54_0.75.gml;54;1073;0.75;clever;0.25;13;False;-1;0.03850698471069336
graph_54_0.75.gml;54;1073;0.75;clever;0.5;27;False;-1;0.024999380111694336
graph_54_0.75.gml;54;1073;0.75;clever;0.75;40;False;-1;0.016000032424926758
graph_55_0.125.gml;55;185;0.125;clever;0.125;6;True;(63, 50):(99, 95):(11, 68):(41, 72):(27, 93):(100, 6);0.030510902404785156
graph_55_0.125.gml;55;185;0.125;clever;0.25;13;True;(84, 91):(99, 95):(11, 68):(64, 91):(41, 72):(53, 59):(3, 1):(100, 6):(80, 61):(63, 50):(27, 93):(64, 8):(30, 2);0.32053637504577637
graph_55_0.125.gml;55;185;0.125;clever;0.5;27;False;-1;0.17602896690368652
graph_55_0.125.gml;55;185;0.125;clever;0.75;41;False;-1;0.013999223709106445
graph_55_0.25.gml;55;371;0.25;clever;0.125;6;True;(99, 95):(11, 68):(64, 29):(16, 100):(1, 29):(19, 34);1.8258516788482666
graph_55_0.25.gml;55;371;0.25;clever;0.25;13;True;(84, 91):(41, 87):(3, 16):(60, 68):(27, 58):(80, 61):(80, 16):(63, 50):(100, 6):(13, 57):(82, 1):(44, 53):(55, 83);1.6233694553375244
graph_55_0.25.gml;55;371;0.25;clever;0.5;27;False;-1;0.1025228500366211
graph_55_0.25.gml;55;371;0.25;clever;0.75;41;False;-1;0.011999130249023438
graph_55_0.5.gml;55;742;0.5;clever;0.125;6;True;(11, 68):(13, 46):(72, 37):(3, 1):(64, 8):(15, 87);0.3260927200317383
graph_55_0.5.gml;55;742;0.5;clever;0.25;13;False;-1;0.11752200126647949
graph_55_0.5.gml;55;742;0.5;clever;0.5;27;False;-1;0.021999120712280273
graph_55_0.5.gml;55;742;0.5;clever;0.75;41;False;-1;0.011998891830444336
graph_55_0.75.gml;55;1113;0.75;clever;0.125;6;False;-1;0.06552481651306152
graph_55_0.75.gml;55;1113;0.75;clever;0.25;13;False;-1;0.03499913215637207
graph_55_0.75.gml;55;1113;0.75;clever;0.5;27;False;-1;0.026006460189819336
graph_55_0.75.gml;55;1113;0.75;clever;0.75;41;False;-1;0.016515016555786133
graph_56_0.125.gml;56;192;0.125;clever;0.125;7;True;(63, 50):(11, 68):(1, 83):(72, 37):(99, 95):(64, 8):(100, 6);0.16698002815246582
graph_56_0.125.gml;56;192;0.125;clever;0.25;14;True;(84, 91):(11, 68):(41, 72):(72, 37):(3, 1):(19, 34):(100, 6):(60, 68):(63, 50):(1, 83):(1, 100):(99, 95):(64, 8):(100, 40);0.7826871871948242
graph_56_0.125.gml;56;192;0.125;clever;0.5;28;False;-1;0.2985689640045166
graph_56_0.125.gml;56;192;0.125;clever;0.75;42;False;-1;0.021999597549438477
graph_56_0.25.gml;56;385;0.25;clever;0.125;7;True;(27, 58):(84, 91):(11, 68):(92, 16):(3, 1):(99, 95):(100, 6);1.8855807781219482
graph_56_0.25.gml;56;385;0.25;clever;0.25;14;False;-1;1.482530117034912
graph_56_0.25.gml;56;385;0.25;clever;0.5;28;False;-1;0.11052298545837402
graph_56_0.25.gml;56;385;0.25;clever;0.75;42;False;-1;0.013000011444091797
graph_56_0.5.gml;56;770;0.5;clever;0.125;7;True;(100, 6):(72, 79):(72, 37):(71, 100):(27, 93):(1, 29):(18, 19);0.3410923480987549
graph_56_0.5.gml;56;770;0.5;clever;0.25;14;False;-1;0.1305222511291504
graph_56_0.5.gml;56;770;0.5;clever;0.5;28;False;-1;0.025999069213867188
graph_56_0.5.gml;56;770;0.5;clever;0.75;42;False;-1;0.01162099838256836
graph_56_0.75.gml;56;1155;0.75;clever;0.125;7;False;-1;0.06752181053161621
graph_56_0.75.gml;56;1155;0.75;clever;0.25;14;False;-1;0.04000568389892578
graph_56_0.75.gml;56;1155;0.75;clever;0.5;28;False;-1;0.026515960693359375
graph_56_0.75.gml;56;1155;0.75;clever;0.75;42;False;-1;0.016999483108520508
graph_57_0.125.gml;57;199;0.125;clever;0.125;7;True;(63, 50):(100, 6):(51, 100):(11, 68):(92, 16):(47, 21):(3, 16);0.3577902317047119
graph_57_0.125.gml;57;199;0.125;clever;0.25;14;True;(84, 91):(11, 68):(80, 46):(100, 40):(92, 16):(19, 34):(15, 87):(3, 16):(80, 61):(50, 38):(51, 100):(63, 50):(100, 6):(47, 21);1.2803797721862793
graph_57_0.125.gml;57;199;0.125;clever;0.5;28;False;-1;0.32608532905578613
graph_57_0.125.gml;57;199;0.125;clever;0.75;42;False;-1;0.025998830795288086
graph_57_0.25.gml;57;399;0.25;clever;0.125;7;True;(100, 6):(11, 68):(51, 100):(47, 21):(39, 9):(100, 40):(3, 16);1.915794849395752
graph_57_0.25.gml;57;399;0.25;clever;0.25;14;True;(99, 95):(80, 46):(16, 100):(99, 58):(13, 46):(71, 100):(100, 24):(41, 87):(15, 87):(1, 58):(1, 29):(84, 31):(64, 8):(100, 69);1.6214160919189453
graph_57_0.25.gml;57;399;0.25;clever;0.5;28;False;-1;0.11803364753723145
graph_57_0.25.gml;57;399;0.25;clever;0.75;42;False;-1;0.013002157211303711
graph_57_0.5.gml;57;798;0.5;clever;0.125;7;True;(63, 50):(11, 68):(91, 76):(92, 16):(16, 100):(1, 29):(16, 6);0.3510420322418213
graph_57_0.5.gml;57;798;0.5;clever;0.25;14;False;-1;0.12451052665710449
graph_57_0.5.gml;57;798;0.5;clever;0.5;28;False;-1;0.028004169464111328
graph_57_0.5.gml;57;798;0.5;clever;0.75;42;False;-1;0.013505935668945312
graph_57_0.75.gml;57;1197;0.75;clever;0.125;7;False;-1;0.06799983978271484
graph_57_0.75.gml;57;1197;0.75;clever;0.25;14;False;-1;0.0405120849609375
graph_57_0.75.gml;57;1197;0.75;clever;0.5;28;False;-1;0.027997970581054688
graph_57_0.75.gml;57;1197;0.75;clever;0.75;42;False;-1;0.017999887466430664
graph_58_0.125.gml;58;206;0.125;clever;0.125;7;True;(11, 68):(51, 100):(99, 58):(30, 2):(44, 53):(39, 9):(100, 6);0.5489566326141357
graph_58_0.125.gml;58;206;0.125;clever;0.25;14;True;(11, 68):(99, 58):(72, 37):(53, 59):(41, 87):(3, 16):(100, 6):(51, 100):(69, 19):(1, 29):(44, 53):(39, 9):(100, 40):(30, 2);2.7856392860412598
graph_58_0.125.gml;58;206;0.125;clever;0.5;29;False;-1;0.8830399513244629
graph_58_0.125.gml;58;206;0.125;clever;0.75;43;False;-1;0.0445101261138916
graph_58_0.25.gml;58;413;0.25;clever;0.125;7;True;(100, 6):(11, 68):(72, 79):(69, 19):(30, 2):(100, 40):(100, 69);1.8579535484313965
graph_58_0.25.gml;58;413;0.25;clever;0.25;14;True;(11, 68):(80, 46):(64, 91):(53, 59):(64, 8):(100, 6):(24, 77):(69, 19):(1, 29):(25, 46):(44, 53):(39, 99):(100, 40):(100, 69);2.0543062686920166
graph_58_0.25.gml;58;413;0.25;clever;0.5;29;False;-1;0.18204832077026367
graph_58_0.25.gml;58;413;0.25;clever;0.75;43;False;-1;0.021999120712280273
graph_58_0.5.gml;58;826;0.5;clever;0.125;7;True;(80, 16):(100, 6):(72, 79):(11, 68):(1, 83):(44, 53):(47, 21);0.37009310722351074
graph_58_0.5.gml;58;826;0.5;clever;0.25;14;False;-1;0.13896822929382324
graph_58_0.5.gml;58;826;0.5;clever;0.5;29;False;-1;0.031006813049316406
graph_58_0.5.gml;58;826;0.5;clever;0.75;43;False;-1;0.014517068862915039
graph_58_0.75.gml;58;1239;0.75;clever;0.125;7;False;-1;0.07600092887878418
graph_58_0.75.gml;58;1239;0.75;clever;0.25;14;False;-1;0.04350686073303223
graph_58_0.75.gml;58;1239;0.75;clever;0.5;29;False;-1;0.029000282287597656
graph_58_0.75.gml;58;1239;0.75;clever;0.75;43;False;-1;0.018999338150024414
graph_59_0.125.gml;59;213;0.125;clever;0.125;7;True;(100, 6):(11, 68):(69, 19):(1, 42):(33, 37):(99, 95):(3, 16);0.43662190437316895
graph_59_0.125.gml;59;213;0.125;clever;0.25;14;True;(11, 68):(72, 79):(91, 76):(72, 37):(19, 34):(3, 16):(60, 68):(100, 6):(58, 19):(1, 42):(69, 19):(33, 37):(99, 95):(47, 21);1.450331687927246
graph_59_0.125.gml;59;213;0.125;clever;0.5;29;False;-1;0.4456155300140381
graph_59_0.125.gml;59;213;0.125;clever;0.75;44;False;-1;0.022998809814453125
graph_59_0.25.gml;59;427;0.25;clever;0.125;7;True;(50, 38):(80, 16):(72, 79):(100, 6):(16, 100):(11, 68):(18, 19);2.690053701400757
graph_59_0.25.gml;59;427;0.25;clever;0.25;14;True;(16, 100):(91, 76):(71, 100):(16, 6):(100, 6):(51, 100):(1, 42):(1, 83):(1, 100):(58, 19):(84, 31):(44, 53):(55, 83):(47, 21);2.2823970317840576
graph_59_0.25.gml;59;427;0.25;clever;0.5;29;False;-1;0.17765307426452637
graph_59_0.25.gml;59;427;0.25;clever;0.75;44;False;-1;0.014042139053344727
graph_59_0.5.gml;59;855;0.5;clever;0.125;7;True;(63, 50):(50, 38):(80, 16):(11, 68):(58, 19):(68, 60):(100, 6);0.4456462860107422
graph_59_0.5.gml;59;855;0.5;clever;0.25;14;False;-1;0.1642470359802246
graph_59_0.5.gml;59;855;0.5;clever;0.5;29;False;-1;0.03200030326843262
graph_59_0.5.gml;59;855;0.5;clever;0.75;44;False;-1;0.016005992889404297
graph_59_0.75.gml;59;1283;0.75;clever;0.125;7;False;-1;0.0936594009399414
graph_59_0.75.gml;59;1283;0.75;clever;0.25;14;False;-1;0.054332733154296875
graph_59_0.75.gml;59;1283;0.75;clever;0.5;29;False;-1;0.03399944305419922
graph_59_0.75.gml;59;1283;0.75;clever;0.75;44;False;-1;0.022004127502441406
graph_5_0.125.gml;5;1;0.125;clever;0.125;0;True;-1;0.0
graph_5_0.125.gml;5;1;0.125;clever;0.25;1;True;(11, 68);0.0
graph_5_0.125.gml;5;1;0.125;clever;0.5;2;True;(11, 68):(100, 6);0.0
graph_5_0.125.gml;5;1;0.125;clever;0.75;3;True;(11, 68):(99, 95):(100, 6);0.0
graph_5_0.25.gml;5;2;0.25;clever;0.125;0;True;-1;0.0
graph_5_0.25.gml;5;2;0.25;clever;0.25;1;True;(11, 68);0.0
graph_5_0.25.gml;5;2;0.25;clever;0.5;2;True;(11, 68):(100, 6);0.0
graph_5_0.25.gml;5;2;0.25;clever;0.75;3;True;(11, 68):(99, 95):(100, 6);0.0
graph_5_0.5.gml;5;5;0.5;clever;0.125;0;True;-1;0.0
graph_5_0.5.gml;5;5;0.5;clever;0.25;1;True;(100, 6);0.0
graph_5_0.5.gml;5;5;0.5;clever;0.5;2;True;(11, 68):(100, 6);0.0
graph_5_0.5.gml;5;5;0.5;clever;0.75;3;False;-1;0.0
graph_5_0.75.gml;5;7;0.75;clever;0.125;0;True;-1;0.0
graph_5_0.75.gml;5;7;0.75;clever;0.25;1;True;(11, 68);0.0
graph_5_0.75.gml;5;7;0.75;clever;0.5;2;True;(99, 95):(100, 6);0.0009975433349609375
graph_5_0.75.gml;5;7;0.75;clever;0.75;3;False;-1;0.0
graph_60_0.125.gml;60;221;0.125;clever;0.125;7;True;(63, 50):(99, 95):(100, 6):(11, 68):(30, 2):(41, 87):(32, 18);2.816969871520996
graph_60_0.125.gml;60;221;0.125;clever;0.25;15;True;(99, 95):(11, 68):(80, 46):(16, 100):(92, 16):(53, 59):(3, 1):(41, 87):(100, 6):(60, 68):(80, 16):(63, 50):(33, 37):(30, 2):(32, 18);8.148255348205566
graph_60_0.125.gml;60;221;0.125;clever;0.5;30;False;-1;1.547227144241333
graph_60_0.125.gml;60;221;0.125;clever;0.75;45;False;-1;0.03650999069213867
graph_60_0.25.gml;60;442;0.25;clever;0.125;7;True;(99, 95):(11, 68):(3, 1):(30, 2):(41, 87):(100, 6):(60, 68);5.194596529006958
graph_60_0.25.gml;60;442;0.25;clever;0.25;15;False;-1;4.025609254837036
graph_60_0.25.gml;60;442;0.25;clever;0.5;30;False;-1;0.23924994468688965
graph_60_0.25.gml;60;442;0.25;clever;0.75;45;False;-1;0.01799917221069336
graph_60_0.5.gml;60;885;0.5;clever;0.125;7;True;(80, 61):(99, 95):(11, 68):(64, 91):(3, 1):(30, 2):(100, 69);0.5937304496765137
graph_60_0.5.gml;60;885;0.5;clever;0.25;15;False;-1;0.19124531745910645
graph_60_0.5.gml;60;885;0.5;clever;0.5;30;False;-1;0.0426487922668457
graph_60_0.5.gml;60;885;0.5;clever;0.75;45;False;-1;0.017996788024902344
graph_60_0.75.gml;60;1327;0.75;clever;0.125;7;False;-1;0.09562945365905762
graph_60_0.75.gml;60;1327;0.75;clever;0.25;15;False;-1;0.05099916458129883
graph_60_0.75.gml;60;1327;0.75;clever;0.5;30;False;-1;0.03762388229370117
graph_60_0.75.gml;60;1327;0.75;clever;0.75;45;False;-1;0.021999835968017578
graph_61_0.125.gml;61;228;0.125;clever;0.125;7;True;(11, 68):(58, 19):(3, 1):(99, 95):(25, 46):(68, 60):(100, 6);0.31687426567077637
graph_61_0.125.gml;61;228;0.125;clever;0.25;15;True;(84, 91):(11, 68):(99, 58):(3, 1):(16, 6):(60, 68):(27, 58):(100, 6):(58, 19):(68, 60):(48, 3):(99, 95):(25, 46):(44, 53):(55, 83);1.5724048614501953
graph_61_0.125.gml;61;228;0.125;clever;0.5;30;False;-1;0.4955556392669678
graph_61_0.125.gml;61;228;0.125;clever;0.75;45;False;-1;0.03299689292907715
graph_61_0.25.gml;61;457;0.25;clever;0.125;7;True;(11, 68):(1, 58):(16, 100):(30, 2):(25, 46):(44, 53):(100, 6);2.3760645389556885
graph_61_0.25.gml;61;457;0.25;clever;0.25;15;False;-1;1.9158861637115479
graph_61_0.25.gml;61;457;0.25;clever;0.5;30;False;-1;0.14251422882080078
graph_61_0.25.gml;61;457;0.25;clever;0.75;45;False;-1;0.014506340026855469
graph_61_0.5.gml;61;915;0.5;clever;0.125;7;True;(11, 68):(72, 79):(64, 91):(92, 16):(13, 57):(41, 87):(64, 8);0.4405958652496338
graph_61_0.5.gml;61;915;0.5;clever;0.25;15;False;-1;0.1450204849243164
graph_61_0.5.gml;61;915;0.5;clever;0.5;30;False;-1;0.029506206512451172
graph_61_0.5.gml;61;915;0.5;clever;0.75;45;False;-1;0.015999317169189453
graph_61_0.75.gml;61;1372;0.75;clever;0.125;7;False;-1;0.08851099014282227
graph_61_0.75.gml;61;1372;0.75;clever;0.25;15;False;-1;0.04799985885620117
graph_61_0.75.gml;61;1372;0.75;clever;0.5;30;False;-1;0.032509565353393555
graph_61_0.75.gml;61;1372;0.75;clever;0.75;45;False;-1;0.021999597549438477
graph_62_0.125.gml;62;236;0.125;clever;0.125;7;True;(99, 95):(11, 68):(48, 3):(3, 1):(30, 2):(39, 99):(19, 34);0.8380699157714844
graph_62_0.125.gml;62;236;0.125;clever;0.25;15;True;(84, 91):(99, 95):(11, 68):(99, 58):(91, 49):(3, 1):(19, 34):(81, 74):(3, 16):(60, 68):(51, 100):(48, 3):(30, 2):(39, 99):(91, 76);5.3469390869140625
graph_62_0.125.gml;62;236;0.125;clever;0.5;31;False;-1;0.8765528202056885
graph_62_0.125.gml;62;236;0.125;clever;0.75;46;False;-1;0.027507543563842773
graph_62_0.25.gml;62;472;0.25;clever;0.125;7;True;(84, 91):(11, 68):(72, 79):(91, 49):(99, 95):(84, 31):(100, 6);3.8114004135131836
graph_62_0.25.gml;62;472;0.25;clever;0.25;15;False;-1;3.069814682006836
graph_62_0.25.gml;62;472;0.25;clever;0.5;31;False;-1;0.17203903198242188
graph_62_0.25.gml;62;472;0.25;clever;0.75;46;False;-1;0.01700735092163086
graph_62_0.5.gml;62;945;0.5;clever;0.125;7;True;(80, 16):(84, 91):(51, 100):(11, 68):(1, 100):(91, 49):(100, 6);0.5058152675628662
graph_62_0.5.gml;62;945;0.5;clever;0.25;15;False;-1;0.16603875160217285
graph_62_0.5.gml;62;945;0.5;clever;0.5;31;False;-1;0.03200697898864746
graph_62_0.5.gml;62;945;0.5;clever;0.75;46;False;-1;0.016516685485839844
graph_62_0.75.gml;62;1418;0.75;clever;0.125;7;False;-1;0.09252285957336426
graph_62_0.75.gml;62;1418;0.75;clever;0.25;15;False;-1;0.04699993133544922
graph_62_0.75.gml;62;1418;0.75;clever;0.5;31;False;-1;0.033438682556152344
graph_62_0.75.gml;62;1418;0.75;clever;0.75;46;False;-1;0.02152252197265625
graph_63_0.125.gml;63;244;0.125;clever;0.125;7;True;(63, 50):(11, 68):(64, 29):(16, 100):(99, 95):(41, 87):(100, 6);2.404340982437134
graph_63_0.125.gml;63;244;0.125;clever;0.25;15;True;(11, 68):(80, 46):(100, 40):(92, 16):(16, 100):(30, 68):(91, 49):(3, 1):(41, 87):(100, 6):(63, 50):(64, 29):(48, 3):(99, 95):(47, 21);8.641059398651123
graph_63_0.125.gml;63;244;0.125;clever;0.5;31;False;-1;1.783290147781372
graph_63_0.125.gml;63;244;0.125;clever;0.75;47;False;-1;0.05299997329711914
graph_63_0.25.gml;63;488;0.25;clever;0.125;7;True;(99, 95):(11, 68):(80, 46):(92, 16):(53, 59):(30, 2):(60, 68);2.6090445518493652
graph_63_0.25.gml;63;488;0.25;clever;0.25;15;False;-1;2.3843047618865967
graph_63_0.25.gml;63;488;0.25;clever;0.5;31;False;-1;0.19225263595581055
graph_63_0.25.gml;63;488;0.25;clever;0.75;47;False;-1;0.012999534606933594
graph_63_0.5.gml;63;976;0.5;clever;0.125;7;True;(27, 58):(72, 79):(1, 42):(99, 58):(53, 59):(39, 99):(100, 6);0.5787453651428223
graph_63_0.5.gml;63;976;0.5;clever;0.25;15;False;-1;0.18325448036193848
graph_63_0.5.gml;63;976;0.5;clever;0.5;31;False;-1;0.04000258445739746
graph_63_0.5.gml;63;976;0.5;clever;0.75;47;False;-1;0.020629405975341797
graph_63_0.75.gml;63;1464;0.75;clever;0.125;7;False;-1;0.11162185668945312
graph_63_0.75.gml;63;1464;0.75;clever;0.25;15;False;-1;0.0630638599395752
graph_63_0.75.gml;63;1464;0.75;clever;0.5;31;False;-1;0.04253101348876953
graph_63_0.75.gml;63;1464;0.75;clever;0.75;47;False;-1;0.027031421661376953
graph_64_0.125.gml;64;252;0.125;clever;0.125;8;True;(99, 95):(11, 68):(24, 77):(51, 100):(99, 58):(1, 29):(64, 8):(60, 68);3.430245876312256
graph_64_0.125.gml;64;252;0.125;clever;0.25;16;True;(99, 95):(11, 68):(72, 79):(80, 46):(91, 76):(99, 58):(30, 68):(3, 1):(64, 8):(60, 68):(24, 77):(51, 100):(48, 3):(1, 29):(25, 46):(47, 21);10.70807671546936
graph_64_0.125.gml;64;252;0.125;clever;0.5;32;False;-1;1.601182222366333
graph_64_0.125.gml;64;252;0.125;clever;0.75;48;False;-1;0.04950594902038574
graph_64_0.25.gml;64;504;0.25;clever;0.125;8;True;(63, 50):(11, 68):(64, 29):(80, 46):(99, 95):(100, 82):(41, 87):(3, 16);9.950859069824219
graph_64_0.25.gml;64;504;0.25;clever;0.25;16;False;-1;5.300946235656738
graph_64_0.25.gml;64;504;0.25;clever;0.5;32;False;-1;0.24699187278747559
graph_64_0.25.gml;64;504;0.25;clever;0.75;48;False;-1;0.020998716354370117
graph_64_0.5.gml;64;1008;0.5;clever;0.125;8;True;(80, 61):(11, 68):(100, 40):(69, 19):(99, 58):(64, 29):(99, 95):(1, 83);0.5546555519104004
graph_64_0.5.gml;64;1008;0.5;clever;0.25;16;False;-1;0.1855309009552002
graph_64_0.5.gml;64;1008;0.5;clever;0.5;32;False;-1;0.03551650047302246
graph_64_0.5.gml;64;1008;0.5;clever;0.75;48;False;-1;0.01799917221069336
graph_64_0.75.gml;64;1512;0.75;clever;0.125;8;False;-1;0.09852194786071777
graph_64_0.75.gml;64;1512;0.75;clever;0.25;16;False;-1;0.05452394485473633
graph_64_0.75.gml;64;1512;0.75;clever;0.5;32;False;-1;0.03700065612792969
graph_64_0.75.gml;64;1512;0.75;clever;0.75;48;False;-1;0.024998903274536133
graph_65_0.125.gml;65;260;0.125;clever;0.125;8;True;(27, 58):(63, 50):(51, 100):(11, 68):(1, 42):(91, 49):(30, 2):(3, 16);3.353320837020874
graph_65_0.125.gml;65;260;0.125;clever;0.25;16;True;(11, 68):(72, 79):(41, 72):(99, 58):(3, 1):(91, 49):(19, 34):(3, 16):(80, 61):(27, 58):(51, 100):(63, 50):(1, 42):(30, 2):(44, 53):(47, 21);11.254188776016235
graph_65_0.125.gml;65;260;0.125;clever;0.5;32;False;-1;1.842616081237793
graph_65_0.125.gml;65;260;0.125;clever;0.75;48;False;-1;0.06600022315979004
graph_65_0.25.gml;65;520;0.25;clever;0.125;8;True;(63, 50):(11, 68):(72, 79):(41, 72):(33, 37):(30, 2):(15, 87):(3, 16);9.451051235198975
graph_65_0.25.gml;65;520;0.25;clever;0.25;16;True;(11, 68):(100, 40):(3, 1):(32, 18):(15, 87):(100, 69):(27, 58):(80, 61):(3, 16):(1, 72):(69, 19):(33, 37):(13, 57):(39, 99):(47, 21):(100, 24);4.784659147262573
graph_65_0.25.gml;65;520;0.25;clever;0.5;32;False;-1;0.21604585647583008
graph_65_0.25.gml;65;520;0.25;clever;0.75;48;False;-1;0.021998882293701172
graph_65_0.5.gml;65;1040;0.5;clever;0.125;8;True;(27, 58):(11, 68):(100, 40):(58, 19):(69, 19):(13, 57):(1, 72):(19, 34);0.6086041927337646
graph_65_0.5.gml;65;1040;0.5;clever;0.25;16;False;-1;0.2236313819885254
graph_65_0.5.gml;65;1040;0.5;clever;0.5;32;False;-1;0.04651045799255371
graph_65_0.5.gml;65;1040;0.5;clever;0.75;48;False;-1;0.021998167037963867
graph_65_0.75.gml;65;1560;0.75;clever;0.125;8;False;-1;0.11651253700256348
graph_65_0.75.gml;65;1560;0.75;clever;0.25;16;False;-1;0.06751084327697754
graph_65_0.75.gml;65;1560;0.75;clever;0.5;32;False;-1;0.04699969291687012
graph_65_0.75.gml;65;1560;0.75;clever;0.75;48;False;-1;0.03051471710205078
graph_66_0.125.gml;66;268;0.125;clever;0.125;8;True;(63, 50):(11, 68):(51, 100):(1, 58):(69, 19):(99, 95):(100, 82):(100, 6);2.5134596824645996
graph_66_0.125.gml;66;268;0.125;clever;0.25;16;True;(11, 68):(61, 39):(64, 91):(16, 100):(1, 72):(100, 6):(80, 16):(63, 50):(51, 100):(1, 58):(69, 19):(13, 57):(48, 3):(99, 95):(100, 82):(68, 60);9.543492794036865
graph_66_0.125.gml;66;268;0.125;clever;0.5;33;False;-1;1.3577146530151367
graph_66_0.125.gml;66;268;0.125;clever;0.75;49;False;-1;0.045999765396118164
graph_66_0.25.gml;66;536;0.25;clever;0.125;8;True;(84, 91):(50, 38):(63, 50):(51, 73):(16, 100):(11, 68):(3, 1):(99, 95);9.864740133285522
graph_66_0.25.gml;66;536;0.25;clever;0.25;16;False;-1;4.989577770233154
graph_66_0.25.gml;66;536;0.25;clever;0.5;33;False;-1;0.2552378177642822
graph_66_0.25.gml;66;536;0.25;clever;0.75;49;False;-1;0.023039817810058594
graph_66_0.5.gml;66;1072;0.5;clever;0.125;8;True;(27, 58):(84, 91):(27, 93):(11, 68):(69, 19):(39, 9):(39, 99):(18, 19);0.6352853775024414
graph_66_0.5.gml;66;1072;0.5;clever;0.25;16;False;-1;0.21022915840148926
graph_66_0.5.gml;66;1072;0.5;clever;0.5;33;False;-1;0.047003984451293945
graph_66_0.5.gml;66;1072;0.5;clever;0.75;49;False;-1;0.018583297729492188
graph_66_0.75.gml;66;1608;0.75;clever;0.125;8;False;-1;0.10461688041687012
graph_66_0.75.gml;66;1608;0.75;clever;0.25;16;False;-1;0.05800127983093262
graph_66_0.75.gml;66;1608;0.75;clever;0.5;33;False;-1;0.04062175750732422
graph_66_0.75.gml;66;1608;0.75;clever;0.75;49;False;-1;0.02700662612915039
graph_67_0.125.gml;67;276;0.125;clever;0.125;8;True;(63, 50):(99, 95):(11, 68):(51, 73):(99, 58):(1, 29):(41, 87):(100, 6);2.3754825592041016
graph_67_0.125.gml;67;276;0.125;clever;0.25;16;True;(99, 95):(11, 68):(61, 39):(51, 73):(64, 91):(41, 72):(53, 59):(92, 16):(99, 58):(41, 87):(100, 6):(63, 50):(13, 57):(1, 29):(25, 46):(91, 76);8.1733558177948
graph_67_0.125.gml;67;276;0.125;clever;0.5;33;False;-1;2.001055955886841
graph_67_0.125.gml;67;276;0.125;clever;0.75;50;False;-1;0.06662201881408691
graph_67_0.25.gml;67;552;0.25;clever;0.125;8;True;(100, 6):(11, 68):(61, 39):(3, 1):(99, 95):(64, 8):(41, 87):(15, 87);8.084095478057861
graph_67_0.25.gml;67;552;0.25;clever;0.25;16;False;-1;4.939673185348511
graph_67_0.25.gml;67;552;0.25;clever;0.5;33;False;-1;0.2498636245727539
graph_67_0.25.gml;67;552;0.25;clever;0.75;50;False;-1;0.024997949600219727
graph_67_0.5.gml;67;1105;0.5;clever;0.125;8;True;(100, 6):(91, 76):(53, 59):(1, 72):(64, 8):(32, 18):(1, 83):(30, 2);0.701988935470581
graph_67_0.5.gml;67;1105;0.5;clever;0.25;16;False;-1;0.22023510932922363
graph_67_0.5.gml;67;1105;0.5;clever;0.5;33;False;-1;0.04662036895751953
graph_67_0.5.gml;67;1105;0.5;clever;0.75;50;False;-1;0.02099776268005371
graph_67_0.75.gml;67;1658;0.75;clever;0.125;8;False;-1;0.12162232398986816
graph_67_0.75.gml;67;1658;0.75;clever;0.25;16;False;-1;0.06562280654907227
graph_67_0.75.gml;67;1658;0.75;clever;0.5;33;False;-1;0.043001413345336914
graph_67_0.75.gml;67;1658;0.75;clever;0.75;50;False;-1;0.026995420455932617
graph_68_0.125.gml;68;284;0.125;clever;0.125;8;True;(63, 50):(11, 68):(51, 100):(99, 58):(1, 29):(84, 31):(100, 6):(30, 2);2.218770980834961
graph_68_0.125.gml;68;284;0.125;clever;0.25;17;True;(11, 68):(3, 1):(41, 87):(1, 72):(60, 68):(51, 100):(1, 29):(64, 8):(84, 91):(92, 16):(99, 58):(100, 6):(63, 50):(27, 93):(84, 31):(1, 83):(30, 2);11.62319564819336
graph_68_0.125.gml;68;284;0.125;clever;0.5;34;False;-1;1.5208864212036133
graph_68_0.125.gml;68;284;0.125;clever;0.75;51;False;-1;0.057042837142944336
graph_68_0.25.gml;68;569;0.25;clever;0.125;8;True;(11, 68):(72, 79):(80, 46):(16, 100):(53, 59):(30, 2):(68, 60):(100, 6);10.737902164459229
graph_68_0.25.gml;68;569;0.25;clever;0.25;17;False;-1;4.996647834777832
graph_68_0.25.gml;68;569;0.25;clever;0.5;34;False;-1;0.2486128807067871
graph_68_0.25.gml;68;569;0.25;clever;0.75;51;False;-1;0.018999814987182617
graph_68_0.5.gml;68;1139;0.5;clever;0.125;8;True;(80, 61):(100, 6):(1, 42):(41, 72):(99, 95):(1, 29):(91, 76):(3, 16);0.8182253837585449
graph_68_0.5.gml;68;1139;0.5;clever;0.25;17;False;-1;0.22957086563110352
graph_68_0.5.gml;68;1139;0.5;clever;0.5;34;False;-1;0.04967141151428223
graph_68_0.5.gml;68;1139;0.5;clever;0.75;51;False;-1;0.020080089569091797
graph_68_0.75.gml;68;1708;0.75;clever;0.125;8;False;-1;0.11120176315307617
graph_68_0.75.gml;68;1708;0.75;clever;0.25;17;False;-1;0.057001590728759766
graph_68_0.75.gml;68;1708;0.75;clever;0.5;34;False;-1;0.04361724853515625
graph_68_0.75.gml;68;1708;0.75;clever;0.75;51;False;-1;0.02699875831604004
graph_69_0.125.gml;69;293;0.125;clever;0.125;8;True;(63, 50):(99, 95):(11, 68):(13, 46):(30, 2):(25, 46):(100, 6):(100, 69);5.010152578353882
graph_69_0.125.gml;69;293;0.125;clever;0.25;17;True;(11, 68):(72, 79):(3, 1):(41, 87):(55, 83):(1, 58):(99, 95):(100, 69):(13, 46):(91, 49):(100, 6):(63, 50):(1, 42):(30, 2):(25, 46):(39, 9):(47, 21);24.628259897232056
graph_69_0.125.gml;69;293;0.125;clever;0.5;34;False;-1;2.6020572185516357
graph_69_0.125.gml;69;293;0.125;clever;0.75;51;False;-1;0.06961631774902344
graph_69_0.25.gml;69;586;0.25;clever;0.125;8;True;(100, 6):(11, 68):(72, 79):(47, 21):(99, 95):(25, 46):(100, 40):(100, 69);12.216749906539917
graph_69_0.25.gml;69;586;0.25;clever;0.25;17;False;-1;6.24390721321106
graph_69_0.25.gml;69;586;0.25;clever;0.5;34;False;-1;0.2442786693572998
graph_69_0.25.gml;69;586;0.25;clever;0.75;51;False;-1;0.022578001022338867
graph_69_0.5.gml;69;1173;0.5;clever;0.125;8;True;(80, 61):(80, 16):(24, 77):(61, 39):(69, 19):(92, 16):(33, 37):(1, 29);0.7650051116943359
graph_69_0.5.gml;69;1173;0.5;clever;0.25;17;False;-1;0.20726752281188965
graph_69_0.5.gml;69;1173;0.5;clever;0.5;34;False;-1;0.04258298873901367
graph_69_0.5.gml;69;1173;0.5;clever;0.75;51;False;-1;0.02200007438659668
graph_69_0.75.gml;69;1759;0.75;clever;0.125;8;False;-1;0.12161684036254883
graph_69_0.75.gml;69;1759;0.75;clever;0.25;17;False;-1;0.06362390518188477
graph_69_0.75.gml;69;1759;0.75;clever;0.5;34;False;-1;0.0470430850982666
graph_69_0.75.gml;69;1759;0.75;clever;0.75;51;False;-1;0.02857828140258789
graph_6_0.125.gml;6;1;0.125;clever;0.125;0;True;-1;0.0
graph_6_0.125.gml;6;1;0.125;clever;0.25;1;True;(11, 68);0.0
graph_6_0.125.gml;6;1;0.125;clever;0.5;3;True;(11, 68):(30, 2):(100, 6);0.0
graph_6_0.125.gml;6;1;0.125;clever;0.75;4;True;(63, 50):(30, 2):(100, 6):(11, 68);0.0009982585906982422
graph_6_0.25.gml;6;3;0.25;clever;0.125;0;True;-1;0.0
graph_6_0.25.gml;6;3;0.25;clever;0.25;1;True;(100, 6);0.0
graph_6_0.25.gml;6;3;0.25;clever;0.5;3;True;(63, 50):(99, 95):(100, 6);0.0
graph_6_0.25.gml;6;3;0.25;clever;0.75;4;True;(63, 50):(99, 95):(51, 100):(100, 6);0.0
graph_6_0.5.gml;6;7;0.5;clever;0.125;0;True;-1;0.0
graph_6_0.5.gml;6;7;0.5;clever;0.25;1;True;(63, 50);0.0
graph_6_0.5.gml;6;7;0.5;clever;0.5;3;True;(63, 50):(99, 95):(100, 6);0.0
graph_6_0.5.gml;6;7;0.5;clever;0.75;4;True;(63, 50):(99, 95):(51, 100):(100, 6);0.0
graph_6_0.75.gml;6;11;0.75;clever;0.125;0;True;-1;0.0
graph_6_0.75.gml;6;11;0.75;clever;0.25;1;True;(11, 68);0.0
graph_6_0.75.gml;6;11;0.75;clever;0.5;3;True;(99, 95):(51, 100):(100, 6);0.0
graph_6_0.75.gml;6;11;0.75;clever;0.75;4;False;-1;0.0
graph_70_0.125.gml;70;301;0.125;clever;0.125;8;True;(63, 50):(99, 95):(11, 68):(58, 19):(16, 100):(30, 68):(1, 29):(30, 2);7.5405285358428955
graph_70_0.125.gml;70;301;0.125;clever;0.25;17;True;(11, 68):(41, 72):(11, 27):(80, 16):(24, 77):(1, 58):(58, 19):(99, 95):(1, 29):(82, 1):(64, 91):(16, 100):(30, 68):(80, 61):(63, 50):(30, 2):(55, 83);30.652791738510132
graph_70_0.125.gml;70;301;0.125;clever;0.5;35;False;-1;2.982020854949951
graph_70_0.125.gml;70;301;0.125;clever;0.75;52;False;-1;0.07462143898010254
graph_70_0.25.gml;70;603;0.25;clever;0.125;8;True;(80, 61):(99, 95):(11, 68):(13, 46):(30, 2):(27, 28):(55, 83):(90, 100);10.139500856399536
graph_70_0.25.gml;70;603;0.25;clever;0.25;17;False;-1;5.649806022644043
graph_70_0.25.gml;70;603;0.25;clever;0.5;35;False;-1;0.2512352466583252
graph_70_0.25.gml;70;603;0.25;clever;0.75;52;False;-1;0.01900196075439453
graph_70_0.5.gml;70;1207;0.5;clever;0.125;8;True;(99, 95):(1, 42):(13, 46):(30, 2):(82, 1):(32, 18):(55, 83):(1, 72);0.7814939022064209
graph_70_0.5.gml;70;1207;0.5;clever;0.25;17;False;-1;0.2152409553527832
graph_70_0.5.gml;70;1207;0.5;clever;0.5;35;False;-1;0.04262208938598633
graph_70_0.5.gml;70;1207;0.5;clever;0.75;52;False;-1;0.022002696990966797
graph_70_0.75.gml;70;1811;0.75;clever;0.125;8;False;-1;0.12961506843566895
graph_70_0.75.gml;70;1811;0.75;clever;0.25;17;False;-1;0.07059288024902344
graph_70_0.75.gml;70;1811;0.75;clever;0.5;35;False;-1;0.04803204536437988
graph_70_0.75.gml;70;1811;0.75;clever;0.75;52;False;-1;0.029623746871948242
graph_71_0.125.gml;71;310;0.125;clever;0.125;8;True;(99, 95):(11, 68):(64, 29):(33, 37):(30, 2):(25, 46):(90, 100):(100, 6);4.379778146743774
graph_71_0.125.gml;71;310;0.125;clever;0.25;17;True;(11, 68):(51, 73):(91, 76):(90, 100):(51, 100):(24, 77):(64, 29):(33, 37):(99, 95):(80, 46):(91, 49):(100, 6):(1, 100):(30, 2):(25, 46):(39, 99):(64, 8);19.104997158050537
graph_71_0.125.gml;71;310;0.125;clever;0.5;35;False;-1;2.3270251750946045
graph_71_0.125.gml;71;310;0.125;clever;0.75;53;False;-1;0.05658221244812012
graph_71_0.25.gml;71;621;0.25;clever;0.125;8;True;(100, 6):(11, 68):(51, 100):(64, 29):(16, 100):(1, 42):(90, 100):(81, 74);12.724406957626343
graph_71_0.25.gml;71;621;0.25;clever;0.25;17;False;-1;6.463706731796265
graph_71_0.25.gml;71;621;0.25;clever;0.5;35;False;-1;0.30187129974365234
graph_71_0.25.gml;71;621;0.25;clever;0.75;53;False;-1;0.019998788833618164
graph_71_0.5.gml;71;1242;0.5;clever;0.125;8;True;(63, 50):(99, 95):(16, 100):(1, 29):(30, 2):(41, 87):(100, 69):(100, 24);0.8449361324310303
graph_71_0.5.gml;71;1242;0.5;clever;0.25;17;False;-1;0.24882006645202637
graph_71_0.5.gml;71;1242;0.5;clever;0.5;35;False;-1;0.05003952980041504
graph_71_0.5.gml;71;1242;0.5;clever;0.75;53;False;-1;0.023581504821777344
graph_71_0.75.gml;71;1863;0.75;clever;0.125;8;False;-1;0.13661503791809082
graph_71_0.75.gml;71;1863;0.75;clever;0.25;17;False;-1;0.07161903381347656
graph_71_0.75.gml;71;1863;0.75;clever;0.5;35;False;-1;0.04999995231628418
graph_71_0.75.gml;71;1863;0.75;clever;0.75;53;False;-1;0.03161478042602539
graph_72_0.125.gml;72;319;0.125;clever;0.125;9;True;(11, 68):(99, 95):(80, 46):(3, 16):(80, 16):(51, 100):(58, 19):(30, 2):(64, 8);19.928775310516357
graph_72_0.125.gml;72;319;0.125;clever;0.25;18;True;(11, 68):(51, 73):(41, 72):(81, 74):(3, 16):(80, 16):(51, 100):(58, 19):(99, 95):(68, 60):(80, 46):(16, 100):(47, 21):(72, 37):(27, 58):(27, 93):(64, 8):(30, 2);77.35896944999695
graph_72_0.125.gml;72;319;0.125;clever;0.5;36;False;-1;3.8366124629974365
graph_72_0.125.gml;72;319;0.125;clever;0.75;54;False;-1;0.044512271881103516
graph_72_0.25.gml;72;639;0.25;clever;0.125;9;True;(11, 68):(51, 73):(16, 100):(19, 34):(3, 16):(1, 100):(99, 95):(100, 40):(30, 2);17.280179262161255
graph_72_0.25.gml;72;639;0.25;clever;0.25;18;False;-1;7.428885459899902
graph_72_0.25.gml;72;639;0.25;clever;0.5;36;False;-1;0.3285341262817383
graph_72_0.25.gml;72;639;0.25;clever;0.75;54;False;-1;0.02499866485595703
graph_72_0.5.gml;72;1278;0.5;clever;0.125;9;False;-1;0.9486937522888184
graph_72_0.5.gml;72;1278;0.5;clever;0.25;18;False;-1;0.27602648735046387
graph_72_0.5.gml;72;1278;0.5;clever;0.5;36;False;-1;0.05450773239135742
graph_72_0.5.gml;72;1278;0.5;clever;0.75;54;False;-1;0.0280001163482666
graph_72_0.75.gml;72;1917;0.75;clever;0.125;9;False;-1;0.1520252227783203
graph_72_0.75.gml;72;1917;0.75;clever;0.25;18;False;-1;0.08350992202758789
graph_72_0.75.gml;72;1917;0.75;clever;0.5;36;False;-1;0.05900096893310547
graph_72_0.75.gml;72;1917;0.75;clever;0.75;54;False;-1;0.03551125526428223
graph_73_0.125.gml;73;328;0.125;clever;0.125;9;True;(11, 68):(90, 100):(100, 6):(63, 50):(64, 29):(69, 19):(30, 2):(27, 28):(100, 69);7.581069231033325
